condition_id,community_area_id,eligible_tract_count,median_rank,rank_iqr,rank_range,top_quartile_share,bottom_quartile_share,high_low_rank_coexistence,assignment_rule,max_overlay_weight,crossing_sensitivity,analysis_status,interpretation_label,results_authorized,noncrossing_only,capture_quartile_cut_points,capture_quartile_cut_point_source
copd,01,6,0.228710462287,0.217761557178,0.321167883212,0,0.5,False,dominant_community_area_max_overlay_weight_gte_0.99,1,all_eligible,descriptive_within_community_distribution,direct_tract_distribution_not_area_prevalence,False,False,0.0518|0.0735|0.1127,governed_community_area_eligible_population
copd,02,6,0.178832116788,0.12895377129,0.172749391727,0,0.833333333333,False,dominant_community_area_max_overlay_weight_gte_0.99,1,all_eligible,descriptive_within_community_distribution,direct_tract_distribution_not_area_prevalence,False,False,0.0518|0.0735|0.1127,governed_community_area_eligible_population
copd,03,9,0.199513381995,0.245742092457,0.440389294404,0,0.666666666667,False,dominant_community_area_max_overlay_weight_gte_0.99,1,all_eligible,descriptive_within_community_distribution,direct_tract_distribution_not_area_prevalence,False,False,0.0518|0.0735|0.1127,governed_community_area_eligible_population
copd,04,1,0.245742092457,0,0,0,1,False,dominant_community_area_max_overlay_weight_gte_0.99,0.999995447002,all_eligible,descriptive_within_community_distribution,direct_tract_distribution_not_area_prevalence,False,False,0.0518|0.0735|0.1127,governed_community_area_eligible_population
copd,05,2,0.0900243309002,0.0851581508516,0.170316301703,0,1,False,dominant_community_area_max_overlay_weight_gte_0.99,1,all_eligible,descriptive_within_community_distribution,direct_tract_distribution_not_area_prevalence,False,False,0.0518|0.0735|0.1127,governed_community_area_eligible_population
copd,06,6,0.116788321168,0.147810218978,0.311435523114,0,0.833333333333,False,dominant_community_area_max_overlay_weight_gte_0.99,1,all_eligible,descriptive_within_community_distribution,direct_tract_distribution_not_area_prevalence,False,False,0.0518|0.0735|0.1127,governed_community_area_eligible_population
copd,07,7,0.131386861314,0.14598540146,0.335766423358,0,0.714285714286,False,dominant_community_area_max_overlay_weight_gte_0.99,1,all_eligible,descriptive_within_community_distribution,direct_tract_distribution_not_area_prevalence,False,False,0.0518|0.0735|0.1127,governed_community_area_eligible_population
copd,08,17,0.260340632603,0.360097323601,0.834549878345,0.176470588235,0.411764705882,True,dominant_community_area_max_overlay_weight_gte_0.99,1,all_eligible,descriptive_within_community_distribution,direct_tract_distribution_not_area_prevalence,False,False,0.0518|0.0735|0.1127,governed_community_area_eligible_population
copd,09,1,0.270072992701,0,0,0,0,False,dominant_community_area_max_overlay_weight_gte_0.99,0.999989460392,all_eligible,descriptive_within_community_distribution,direct_tract_distribution_not_area_prevalence,False,False,0.0518|0.0735|0.1127,governed_community_area_eligible_population
copd,10,2,0.153284671533,0.0413625304136,0.0827250608273,0,1,False,dominant_community_area_max_overlay_weight_gte_0.99,0.999983510277,all_eligible,descriptive_within_community_distribution,direct_tract_distribution_not_area_prevalence,False,False,0.0518|0.0735|0.1127,governed_community_area_eligible_population
copd,11,4,0.284671532847,0.0784671532847,0.182481751825,0,0.25,False,dominant_community_area_max_overlay_weight_gte_0.99,0.99998374108,all_eligible,descriptive_within_community_distribution,direct_tract_distribution_not_area_prevalence,False,False,0.0518|0.0735|0.1127,governed_community_area_eligible_population
copd,12,2,0.102189781022,0.0827250608273,0.165450121655,0,1,False,dominant_community_area_max_overlay_weight_gte_0.99,0.999999999755,all_eligible,descriptive_within_community_distribution,direct_tract_distribution_not_area_prevalence,False,False,0.0518|0.0735|0.1127,governed_community_area_eligible_population
copd,14,2,0.103406326034,0.0596107055961,0.119221411192,0,1,False,dominant_community_area_max_overlay_weight_gte_0.99,0.999827685416,all_eligible,descriptive_within_community_distribution,direct_tract_distribution_not_area_prevalence,False,False,0.0518|0.0735|0.1127,governed_community_area_eligible_population
copd,15,6,0.239659367397,0.0699513381995,0.226277372263,0,0.666666666667,False,dominant_community_area_max_overlay_weight_gte_0.99,1,all_eligible,descriptive_within_community_distribution,direct_tract_distribution_not_area_prevalence,False,False,0.0518|0.0735|0.1127,governed_community_area_eligible_population
copd,16,4,0.215328467153,0.0456204379562,0.116788321168,0,0.75,False,dominant_community_area_max_overlay_weight_gte_0.99,0.999997104423,all_eligible,descriptive_within_community_distribution,direct_tract_distribution_not_area_prevalence,False,False,0.0518|0.0735|0.1127,governed_community_area_eligible_population
copd,17,7,0.503649635036,0.113138686131,0.644768856448,0.142857142857,0.142857142857,True,dominant_community_area_max_overlay_weight_gte_0.99,1,all_eligible,descriptive_within_community_distribution,direct_tract_distribution_not_area_prevalence,False,False,0.0518|0.0735|0.1127,governed_community_area_eligible_population
copd,18,2,0.330900243309,0.0948905109489,0.189781021898,0,0.5,False,dominant_community_area_max_overlay_weight_gte_0.99,0.999457773684,all_eligible,descriptive_within_community_distribution,direct_tract_distribution_not_area_prevalence,False,False,0.0518|0.0735|0.1127,governed_community_area_eligible_population
copd,19,7,0.267639902676,0.144768856448,0.350364963504,0,0.428571428571,False,dominant_community_area_max_overlay_weight_gte_0.99,1,all_eligible,descriptive_within_community_distribution,direct_tract_distribution_not_area_prevalence,False,False,0.0518|0.0735|0.1127,governed_community_area_eligible_population
copd,20,1,0.0754257907543,0,0,0,1,False,dominant_community_area_max_overlay_weight_gte_0.99,0.99490369442,all_eligible,descriptive_within_community_distribution,direct_tract_distribution_not_area_prevalence,False,False,0.0518|0.0735|0.1127,governed_community_area_eligible_population
copd,21,1,0.119221411192,0,0,0,1,False,dominant_community_area_max_overlay_weight_gte_0.99,0.998011015572,all_eligible,descriptive_within_community_distribution,direct_tract_distribution_not_area_prevalence,False,False,0.0518|0.0735|0.1127,governed_community_area_eligible_population
copd,23,7,0.52798053528,0.366180048662,0.841849148418,0.285714285714,0.285714285714,True,dominant_community_area_max_overlay_weight_gte_0.99,1,all_eligible,descriptive_within_community_distribution,direct_tract_distribution_not_area_prevalence,False,False,0.0518|0.0735|0.1127,governed_community_area_eligible_population
copd,24,7,0.143552311436,0.240875912409,0.43795620438,0,0.714285714286,False,dominant_community_area_max_overlay_weight_gte_0.99,1,all_eligible,descriptive_within_community_distribution,direct_tract_distribution_not_area_prevalence,False,False,0.0518|0.0735|0.1127,governed_community_area_eligible_population
copd,25,21,0.790754257908,0.245742092457,0.620437956204,0.571428571429,0,False,dominant_community_area_max_overlay_weight_gte_0.99,1,all_eligible,descriptive_within_community_distribution,direct_tract_distribution_not_area_prevalence,False,False,0.0518|0.0735|0.1127,governed_community_area_eligible_population
copd,26,9,0.900243309002,0.248175182482,0.328467153285,0.666666666667,0,False,dominant_community_area_max_overlay_weight_gte_0.99,1,all_eligible,descriptive_within_community_distribution,direct_tract_distribution_not_area_prevalence,False,False,0.0518|0.0735|0.1127,governed_community_area_eligible_population
copd,27,9,0.717761557178,0.153284671533,0.32603406326,0.444444444444,0,False,dominant_community_area_max_overlay_weight_gte_0.99,1,all_eligible,descriptive_within_community_distribution,direct_tract_distribution_not_area_prevalence,False,False,0.0518|0.0735|0.1127,governed_community_area_eligible_population
copd,28,18,0.519464720195,0.510340632603,0.975669099757,0.388888888889,0.166666666667,True,dominant_community_area_max_overlay_weight_gte_0.99,1,all_eligible,descriptive_within_community_distribution,direct_tract_distribution_not_area_prevalence,False,False,0.0518|0.0735|0.1127,governed_community_area_eligible_population
copd,29,10,0.88199513382,0.222627737226,0.452554744526,0.7,0,False,dominant_community_area_max_overlay_weight_gte_0.99,1,all_eligible,descriptive_within_community_distribution,direct_tract_distribution_not_area_prevalence,False,False,0.0518|0.0735|0.1127,governed_community_area_eligible_population
copd,30,6,0.249391727494,0.153284671533,0.87104622871,0.166666666667,0.5,True,dominant_community_area_max_overlay_weight_gte_0.99,1,all_eligible,descriptive_within_community_distribution,direct_tract_distribution_not_area_prevalence,False,False,0.0518|0.0735|0.1127,governed_community_area_eligible_population
copd,31,6,0.335766423358,0.174574209246,0.389294403893,0,0.333333333333,False,dominant_community_area_max_overlay_weight_gte_0.99,0.99999963014,all_eligible,descriptive_within_community_distribution,direct_tract_distribution_not_area_prevalence,False,False,0.0518|0.0735|0.1127,governed_community_area_eligible_population
copd,32,6,0.133819951338,0.0857664233577,0.228710462287,0,0.833333333333,False,dominant_community_area_max_overlay_weight_gte_0.99,1,all_eligible,descriptive_within_community_distribution,direct_tract_distribution_not_area_prevalence,False,False,0.0518|0.0735|0.1127,governed_community_area_eligible_population
copd,33,4,0.197080291971,0.203771289538,0.289537712895,0,0.5,False,dominant_community_area_max_overlay_weight_gte_0.99,1,all_eligible,descriptive_within_community_distribution,direct_tract_distribution_not_area_prevalence,False,False,0.0518|0.0735|0.1127,governed_community_area_eligible_population
copd,34,3,0.924574209246,0.226277372263,0.452554744526,0.666666666667,0,False,dominant_community_area_max_overlay_weight_gte_0.99,0.999988074925,all_eligible,descriptive_within_community_distribution,direct_tract_distribution_not_area_prevalence,False,False,0.0518|0.0735|0.1127,governed_community_area_eligible_population
copd,35,8,0.827250608273,0.235401459854,0.571776155718,0.625,0,False,dominant_community_area_max_overlay_weight_gte_0.99,1,all_eligible,descriptive_within_community_distribution,direct_tract_distribution_not_area_prevalence,False,False,0.0518|0.0735|0.1127,governed_community_area_eligible_population
copd,36,2,0.486618004866,0.0754257907543,0.150851581509,0,0,False,dominant_community_area_max_overlay_weight_gte_0.99,0.998983538919,all_eligible,descriptive_within_community_distribution,direct_tract_distribution_not_area_prevalence,False,False,0.0518|0.0735|0.1127,governed_community_area_eligible_population
copd,37,2,0.993917274939,0.0036496350365,0.00729927007299,1,0,False,dominant_community_area_max_overlay_weight_gte_0.99,0.995627704987,all_eligible,descriptive_within_community_distribution,direct_tract_distribution_not_area_prevalence,False,False,0.0518|0.0735|0.1127,governed_community_area_eligible_population
copd,38,9,0.817518248175,0.335766423358,0.549878345499,0.555555555556,0,False,dominant_community_area_max_overlay_weight_gte_0.99,1,all_eligible,descriptive_within_community_distribution,direct_tract_distribution_not_area_prevalence,False,False,0.0518|0.0735|0.1127,governed_community_area_eligible_population
copd,39,3,0.832116788321,0.349148418491,0.698296836983,0.666666666667,0,False,dominant_community_area_max_overlay_weight_gte_0.99,0.999956868417,all_eligible,descriptive_within_community_distribution,direct_tract_distribution_not_area_prevalence,False,False,0.0518|0.0735|0.1127,governed_community_area_eligible_population
copd,40,6,0.709245742092,0.0979318734793,0.445255474453,0.166666666667,0,False,dominant_community_area_max_overlay_weight_gte_0.99,1,all_eligible,descriptive_within_community_distribution,direct_tract_distribution_not_area_prevalence,False,False,0.0518|0.0735|0.1127,governed_community_area_eligible_population
copd,41,4,0.55596107056,0.0231143552311,0.0413625304136,0,0,False,dominant_community_area_max_overlay_weight_gte_0.99,1,all_eligible,descriptive_within_community_distribution,direct_tract_distribution_not_area_prevalence,False,False,0.0518|0.0735|0.1127,governed_community_area_eligible_population
copd,42,9,0.642335766423,0.262773722628,0.581508515815,0.444444444444,0,False,dominant_community_area_max_overlay_weight_gte_0.99,0.999999734846,all_eligible,descriptive_within_community_distribution,direct_tract_distribution_not_area_prevalence,False,False,0.0518|0.0735|0.1127,governed_community_area_eligible_population
copd,43,12,0.577858880779,0.237834549878,0.525547445255,0.25,0,False,dominant_community_area_max_overlay_weight_gte_0.99,1,all_eligible,descriptive_within_community_distribution,direct_tract_distribution_not_area_prevalence,False,False,0.0518|0.0735|0.1127,governed_community_area_eligible_population
copd,44,7,0.722627737226,0.121654501217,0.416058394161,0.428571428571,0,False,dominant_community_area_max_overlay_weight_gte_0.99,1,all_eligible,descriptive_within_community_distribution,direct_tract_distribution_not_area_prevalence,False,False,0.0518|0.0735|0.1127,governed_community_area_eligible_population
copd,45,1,0.54501216545,0,0,0,0,False,dominant_community_area_max_overlay_weight_gte_0.99,0.999758517801,all_eligible,descriptive_within_community_distribution,direct_tract_distribution_not_area_prevalence,False,False,0.0518|0.0735|0.1127,governed_community_area_eligible_population
copd,46,4,0.627737226277,0.0997566909976,0.340632603406,0,0,False,dominant_community_area_max_overlay_weight_gte_0.99,1,all_eligible,descriptive_within_community_distribution,direct_tract_distribution_not_area_prevalence,False,False,0.0518|0.0735|0.1127,governed_community_area_eligible_population
copd,47,1,0.761557177616,0,0,1,0,False,dominant_community_area_max_overlay_weight_gte_0.99,0.992557070143,all_eligible,descriptive_within_community_distribution,direct_tract_distribution_not_area_prevalence,False,False,0.0518|0.0735|0.1127,governed_community_area_eligible_population
copd,48,3,0.491484184915,0.0839416058394,0.167883211679,0,0,False,dominant_community_area_max_overlay_weight_gte_0.99,0.999988377578,all_eligible,descriptive_within_community_distribution,direct_tract_distribution_not_area_prevalence,False,False,0.0518|0.0735|0.1127,governed_community_area_eligible_population
copd,49,10,0.62895377129,0.346107055961,0.622871046229,0.4,0,False,dominant_community_area_max_overlay_weight_gte_0.99,1,all_eligible,descriptive_within_community_distribution,direct_tract_distribution_not_area_prevalence,False,False,0.0518|0.0735|0.1127,governed_community_area_eligible_population
copd,50,1,0.644768856448,0,0,0,0,False,dominant_community_area_max_overlay_weight_gte_0.99,0.999855028706,all_eligible,descriptive_within_community_distribution,direct_tract_distribution_not_area_prevalence,False,False,0.0518|0.0735|0.1127,governed_community_area_eligible_population
copd,51,2,0.548661800487,0.127737226277,0.255474452555,0,0,False,dominant_community_area_max_overlay_weight_gte_0.99,0.999977253105,all_eligible,descriptive_within_community_distribution,direct_tract_distribution_not_area_prevalence,False,False,0.0518|0.0735|0.1127,governed_community_area_eligible_population
copd,52,2,0.215328467153,0.00121654501217,0.00243309002433,0,1,False,dominant_community_area_max_overlay_weight_gte_0.99,0.998607118808,all_eligible,descriptive_within_community_distribution,direct_tract_distribution_not_area_prevalence,False,False,0.0518|0.0735|0.1127,governed_community_area_eligible_population
copd,53,6,0.806569343066,0.160583941606,0.435523114355,0.666666666667,0,False,dominant_community_area_max_overlay_weight_gte_0.99,1,all_eligible,descriptive_within_community_distribution,direct_tract_distribution_not_area_prevalence,False,False,0.0518|0.0735|0.1127,governed_community_area_eligible_population
copd,54,2,0.863746958637,0.0535279805353,0.107055961071,1,0,False,dominant_community_area_max_overlay_weight_gte_0.99,1,all_eligible,descriptive_within_community_distribution,direct_tract_distribution_not_area_prevalence,False,False,0.0518|0.0735|0.1127,governed_community_area_eligible_population
copd,55,1,0.481751824818,0,0,0,0,False,dominant_community_area_max_overlay_weight_gte_0.99,0.990797688901,all_eligible,descriptive_within_community_distribution,direct_tract_distribution_not_area_prevalence,False,False,0.0518|0.0735|0.1127,governed_community_area_eligible_population
copd,56,7,0.360097323601,0.114355231144,0.47201946472,0,0.142857142857,False,dominant_community_area_max_overlay_weight_gte_0.99,1,all_eligible,descriptive_within_community_distribution,direct_tract_distribution_not_area_prevalence,False,False,0.0518|0.0735|0.1127,governed_community_area_eligible_population
copd,57,1,0.0121654501217,0,0,0,1,False,dominant_community_area_max_overlay_weight_gte_0.99,1,all_eligible,descriptive_within_community_distribution,direct_tract_distribution_not_area_prevalence,False,False,0.0518|0.0735|0.1127,governed_community_area_eligible_population
copd,58,6,0.16301703163,0.178223844282,0.36496350365,0,0.666666666667,False,dominant_community_area_max_overlay_weight_gte_0.99,1,all_eligible,descriptive_within_community_distribution,direct_tract_distribution_not_area_prevalence,False,False,0.0518|0.0735|0.1127,governed_community_area_eligible_population
copd,59,2,0.316301703163,0.0827250608273,0.165450121655,0,0.5,False,dominant_community_area_max_overlay_weight_gte_0.99,0.99994797747,all_eligible,descriptive_within_community_distribution,direct_tract_distribution_not_area_prevalence,False,False,0.0518|0.0735|0.1127,governed_community_area_eligible_population
copd,60,6,0.503649635036,0.0888077858881,0.335766423358,0,0,False,dominant_community_area_max_overlay_weight_gte_0.99,1,all_eligible,descriptive_within_community_distribution,direct_tract_distribution_not_area_prevalence,False,False,0.0518|0.0735|0.1127,governed_community_area_eligible_population
copd,61,10,0.532846715328,0.380778588808,0.715328467153,0.2,0.1,True,dominant_community_area_max_overlay_weight_gte_0.99,1,all_eligible,descriptive_within_community_distribution,direct_tract_distribution_not_area_prevalence,False,False,0.0518|0.0735|0.1127,governed_community_area_eligible_population
copd,62,1,0.00729927007299,0,0,0,1,False,dominant_community_area_max_overlay_weight_gte_0.99,0.993610499109,all_eligible,descriptive_within_community_distribution,direct_tract_distribution_not_area_prevalence,False,False,0.0518|0.0735|0.1127,governed_community_area_eligible_population
copd,63,3,0.036496350365,0.0182481751825,0.036496350365,0,1,False,dominant_community_area_max_overlay_weight_gte_0.99,1,all_eligible,descriptive_within_community_distribution,direct_tract_distribution_not_area_prevalence,False,False,0.0518|0.0735|0.1127,governed_community_area_eligible_population
copd,64,4,0.361313868613,0.129562043796,0.14598540146,0,0,False,dominant_community_area_max_overlay_weight_gte_0.99,1,all_eligible,descriptive_within_community_distribution,direct_tract_distribution_not_area_prevalence,False,False,0.0518|0.0735|0.1127,governed_community_area_eligible_population
copd,65,5,0.124087591241,0.116788321168,0.148418491484,0,1,False,dominant_community_area_max_overlay_weight_gte_0.99,0.999936708782,all_eligible,descriptive_within_community_distribution,direct_tract_distribution_not_area_prevalence,False,False,0.0518|0.0735|0.1127,governed_community_area_eligible_population
copd,66,4,0.563260340633,0.339416058394,0.459854014599,0,0,False,dominant_community_area_max_overlay_weight_gte_0.99,1,all_eligible,descriptive_within_community_distribution,direct_tract_distribution_not_area_prevalence,False,False,0.0518|0.0735|0.1127,governed_community_area_eligible_population
copd,67,7,0.756690997567,0.108272506083,0.391727493917,0.571428571429,0,False,dominant_community_area_max_overlay_weight_gte_0.99,1,all_eligible,descriptive_within_community_distribution,direct_tract_distribution_not_area_prevalence,False,False,0.0518|0.0735|0.1127,governed_community_area_eligible_population
copd,68,9,0.815085158151,0.189781021898,0.357664233577,0.666666666667,0,False,dominant_community_area_max_overlay_weight_gte_0.99,1,all_eligible,descriptive_within_community_distribution,direct_tract_distribution_not_area_prevalence,False,False,0.0518|0.0735|0.1127,governed_community_area_eligible_population
copd,69,11,0.749391727494,0.209245742092,0.340632603406,0.454545454545,0,False,dominant_community_area_max_overlay_weight_gte_0.99,1,all_eligible,descriptive_within_community_distribution,direct_tract_distribution_not_area_prevalence,False,False,0.0518|0.0735|0.1127,governed_community_area_eligible_population
copd,70,6,0.277372262774,0.0827250608273,0.425790754258,0,0.333333333333,False,dominant_community_area_max_overlay_weight_gte_0.99,1,all_eligible,descriptive_within_community_distribution,direct_tract_distribution_not_area_prevalence,False,False,0.0518|0.0735|0.1127,governed_community_area_eligible_population
copd,71,11,0.710462287105,0.147201946472,0.406326034063,0.454545454545,0,False,dominant_community_area_max_overlay_weight_gte_0.99,1,all_eligible,descriptive_within_community_distribution,direct_tract_distribution_not_area_prevalence,False,False,0.0518|0.0735|0.1127,governed_community_area_eligible_population
copd,72,3,0.389294403893,0.125304136253,0.250608272506,0,0.333333333333,False,dominant_community_area_max_overlay_weight_gte_0.99,0.999886239157,all_eligible,descriptive_within_community_distribution,direct_tract_distribution_not_area_prevalence,False,False,0.0518|0.0735|0.1127,governed_community_area_eligible_population
copd,73,4,0.602189781022,0.0699513381995,0.257907542579,0,0,False,dominant_community_area_max_overlay_weight_gte_0.99,0.999999766669,all_eligible,descriptive_within_community_distribution,direct_tract_distribution_not_area_prevalence,False,False,0.0518|0.0735|0.1127,governed_community_area_eligible_population
copd,74,3,0.520681265207,0.133819951338,0.267639902676,0,0,False,dominant_community_area_max_overlay_weight_gte_0.99,1,all_eligible,descriptive_within_community_distribution,direct_tract_distribution_not_area_prevalence,False,False,0.0518|0.0735|0.1127,governed_community_area_eligible_population
copd,75,5,0.620437956204,0.30900243309,0.484184914842,0,0.2,False,dominant_community_area_max_overlay_weight_gte_0.99,1,all_eligible,descriptive_within_community_distribution,direct_tract_distribution_not_area_prevalence,False,False,0.0518|0.0735|0.1127,governed_community_area_eligible_population
copd,77,9,0.379562043796,0.159367396594,0.669099756691,0,0.222222222222,False,dominant_community_area_max_overlay_weight_gte_0.99,1,all_eligible,descriptive_within_community_distribution,direct_tract_distribution_not_area_prevalence,False,False,0.0518|0.0735|0.1127,governed_community_area_eligible_population
hypertension,01,11,0.18836565097,0.112880886427,0.260387811634,0,0.636363636364,False,dominant_community_area_max_overlay_weight_gte_0.99,1,all_eligible,descriptive_within_community_distribution,direct_tract_distribution_not_area_prevalence,False,False,0.0518|0.0735|0.1127,governed_community_area_eligible_population
hypertension,02,14,0.369806094183,0.100934903047,0.346260387812,0,0,False,dominant_community_area_max_overlay_weight_gte_0.99,1,all_eligible,descriptive_within_community_distribution,direct_tract_distribution_not_area_prevalence,False,False,0.0518|0.0735|0.1127,governed_community_area_eligible_population
hypertension,03,11,0.164819944598,0.146121883657,0.587257617729,0,0.727272727273,False,dominant_community_area_max_overlay_weight_gte_0.99,1,all_eligible,descriptive_within_community_distribution,direct_tract_distribution_not_area_prevalence,False,False,0.0518|0.0735|0.1127,governed_community_area_eligible_population
hypertension,04,9,0.131578947368,0.1108033241,0.263157894737,0,0.888888888889,False,dominant_community_area_max_overlay_weight_gte_0.99,1,all_eligible,descriptive_within_community_distribution,direct_tract_distribution_not_area_prevalence,False,False,0.0518|0.0735|0.1127,governed_community_area_eligible_population
hypertension,05,14,0.0775623268698,0.0443213296399,0.112188365651,0,1,False,dominant_community_area_max_overlay_weight_gte_0.99,1,all_eligible,descriptive_within_community_distribution,direct_tract_distribution_not_area_prevalence,False,False,0.0518|0.0735|0.1127,governed_community_area_eligible_population
hypertension,06,34,0.058864265928,0.149930747922,0.652354570637,0,0.852941176471,False,dominant_community_area_max_overlay_weight_gte_0.99,1,all_eligible,descriptive_within_community_distribution,direct_tract_distribution_not_area_prevalence,False,False,0.0518|0.0735|0.1127,governed_community_area_eligible_population
hypertension,07,20,0.123961218837,0.119113573407,0.307479224377,0,0.95,False,dominant_community_area_max_overlay_weight_gte_0.99,1,all_eligible,descriptive_within_community_distribution,direct_tract_distribution_not_area_prevalence,False,False,0.0518|0.0735|0.1127,governed_community_area_eligible_population
hypertension,08,18,0.32271468144,0.322368421053,0.634349030471,0,0.333333333333,False,dominant_community_area_max_overlay_weight_gte_0.99,1,all_eligible,descriptive_within_community_distribution,direct_tract_distribution_not_area_prevalence,False,False,0.0518|0.0735|0.1127,governed_community_area_eligible_population
hypertension,09,3,0.376731301939,0.0581717451524,0.116343490305,0,0,False,dominant_community_area_max_overlay_weight_gte_0.99,1,all_eligible,descriptive_within_community_distribution,direct_tract_distribution_not_area_prevalence,False,False,0.0518|0.0735|0.1127,governed_community_area_eligible_population
hypertension,10,7,0.324099722992,0.0692520775623,0.270083102493,0,0.142857142857,False,dominant_community_area_max_overlay_weight_gte_0.99,0.999988553014,all_eligible,descriptive_within_community_distribution,direct_tract_distribution_not_area_prevalence,False,False,0.0518|0.0735|0.1127,governed_community_area_eligible_population
hypertension,11,6,0.416897506925,0.0888157894737,0.278393351801,0,0,False,dominant_community_area_max_overlay_weight_gte_0.99,0.999984963114,all_eligible,descriptive_within_community_distribution,direct_tract_distribution_not_area_prevalence,False,False,0.0518|0.0735|0.1127,governed_community_area_eligible_population
hypertension,12,4,0.306786703601,0.101108033241,0.225761772853,0,0.25,False,dominant_community_area_max_overlay_weight_gte_0.99,0.999999999755,all_eligible,descriptive_within_community_distribution,direct_tract_distribution_not_area_prevalence,False,False,0.0518|0.0735|0.1127,governed_community_area_eligible_population
hypertension,13,3,0.504155124654,0.0824099722992,0.164819944598,0,0,False,dominant_community_area_max_overlay_weight_gte_0.99,0.999947837766,all_eligible,descriptive_within_community_distribution,direct_tract_distribution_not_area_prevalence,False,False,0.0518|0.0735|0.1127,governed_community_area_eligible_population
hypertension,14,11,0.193905817175,0.0927977839335,0.310249307479,0,0.636363636364,False,dominant_community_area_max_overlay_weight_gte_0.99,1,all_eligible,descriptive_within_community_distribution,direct_tract_distribution_not_area_prevalence,False,False,0.0518|0.0735|0.1127,governed_community_area_eligible_population
hypertension,15,14,0.382271468144,0.114612188366,0.324099722992,0,0.142857142857,False,dominant_community_area_max_overlay_weight_gte_0.99,1,all_eligible,descriptive_within_community_distribution,direct_tract_distribution_not_area_prevalence,False,False,0.0518|0.0735|0.1127,governed_community_area_eligible_population
hypertension,16,15,0.224376731302,0.0671745152355,0.162049861496,0,0.666666666667,False,dominant_community_area_max_overlay_weight_gte_0.99,1,all_eligible,descriptive_within_community_distribution,direct_tract_distribution_not_area_prevalence,False,False,0.0518|0.0735|0.1127,governed_community_area_eligible_population
hypertension,17,11,0.567867036011,0.160664819945,0.343490304709,0.0909090909091,0,False,dominant_community_area_max_overlay_weight_gte_0.99,1,all_eligible,descriptive_within_community_distribution,direct_tract_distribution_not_area_prevalence,False,False,0.0518|0.0735|0.1127,governed_community_area_eligible_population
hypertension,18,2,0.540166204986,0.090027700831,0.180055401662,0,0,False,dominant_community_area_max_overlay_weight_gte_0.99,0.999457773684,all_eligible,descriptive_within_community_distribution,direct_tract_distribution_not_area_prevalence,False,False,0.0518|0.0735|0.1127,governed_community_area_eligible_population
hypertension,19,16,0.418975069252,0.166897506925,0.303324099723,0,0.0625,False,dominant_community_area_max_overlay_weight_gte_0.99,1,all_eligible,descriptive_within_community_distribution,direct_tract_distribution_not_area_prevalence,False,False,0.0518|0.0735|0.1127,governed_community_area_eligible_population
hypertension,20,6,0.359418282548,0.0131578947368,0.222991689751,0,0,False,dominant_community_area_max_overlay_weight_gte_0.99,0.999980029456,all_eligible,descriptive_within_community_distribution,direct_tract_distribution_not_area_prevalence,False,False,0.0518|0.0735|0.1127,governed_community_area_eligible_population
hypertension,21,10,0.225069252078,0.079120498615,0.292243767313,0,0.6,False,dominant_community_area_max_overlay_weight_gte_0.99,1,all_eligible,descriptive_within_community_distribution,direct_tract_distribution_not_area_prevalence,False,False,0.0518|0.0735|0.1127,governed_community_area_eligible_population
hypertension,22,25,0.145429362881,0.146814404432,0.376731301939,0,0.88,False,dominant_community_area_max_overlay_weight_gte_0.99,1,all_eligible,descriptive_within_community_distribution,direct_tract_distribution_not_area_prevalence,False,False,0.0518|0.0735|0.1127,governed_community_area_eligible_population
hypertension,23,10,0.476454293629,0.391966759003,0.590027700831,0.1,0.3,True,dominant_community_area_max_overlay_weight_gte_0.99,1,all_eligible,descriptive_within_community_distribution,direct_tract_distribution_not_area_prevalence,False,False,0.0518|0.0735|0.1127,governed_community_area_eligible_population
hypertension,24,30,0.124653739612,0.149584487535,0.48891966759,0,0.833333333333,False,dominant_community_area_max_overlay_weight_gte_0.99,1,all_eligible,descriptive_within_community_distribution,direct_tract_distribution_not_area_prevalence,False,False,0.0518|0.0735|0.1127,governed_community_area_eligible_population
hypertension,25,23,0.921052631579,0.095567867036,0.260387811634,0.913043478261,0,False,dominant_community_area_max_overlay_weight_gte_0.99,1,all_eligible,descriptive_within_community_distribution,direct_tract_distribution_not_area_prevalence,False,False,0.0518|0.0735|0.1127,governed_community_area_eligible_population
hypertension,26,10,0.843490304709,0.176592797784,0.346260387812,0.7,0,False,dominant_community_area_max_overlay_weight_gte_0.99,1,all_eligible,descriptive_within_community_distribution,direct_tract_distribution_not_area_prevalence,False,False,0.0518|0.0735|0.1127,governed_community_area_eligible_population
hypertension,27,11,0.862880886427,0.19944598338,0.31163434903,0.636363636364,0,False,dominant_community_area_max_overlay_weight_gte_0.99,1,all_eligible,descriptive_within_community_distribution,direct_tract_distribution_not_area_prevalence,False,False,0.0518|0.0735|0.1127,governed_community_area_eligible_population
hypertension,28,19,0.613573407202,0.339335180055,0.961218836565,0.263157894737,0.157894736842,True,dominant_community_area_max_overlay_weight_gte_0.99,1,all_eligible,descriptive_within_community_distribution,direct_tract_distribution_not_area_prevalence,False,False,0.0518|0.0735|0.1127,governed_community_area_eligible_population
hypertension,29,12,0.782548476454,0.129847645429,0.408587257618,0.666666666667,0,False,dominant_community_area_max_overlay_weight_gte_0.99,1,all_eligible,descriptive_within_community_distribution,direct_tract_distribution_not_area_prevalence,False,False,0.0518|0.0735|0.1127,governed_community_area_eligible_population
hypertension,30,17,0.576177285319,0.181440443213,0.59972299169,0.0588235294118,0,False,dominant_community_area_max_overlay_weight_gte_0.99,1,all_eligible,descriptive_within_community_distribution,direct_tract_distribution_not_area_prevalence,False,False,0.0518|0.0735|0.1127,governed_community_area_eligible_population
hypertension,31,9,0.472299168975,0.0526315789474,0.162049861496,0,0,False,dominant_community_area_max_overlay_weight_gte_0.99,1,all_eligible,descriptive_within_community_distribution,direct_tract_distribution_not_area_prevalence,False,False,0.0518|0.0735|0.1127,governed_community_area_eligible_population
hypertension,32,6,0.297783933518,0.0522853185596,0.346260387812,0,0.166666666667,False,dominant_community_area_max_overlay_weight_gte_0.99,1,all_eligible,descriptive_within_community_distribution,direct_tract_distribution_not_area_prevalence,False,False,0.0518|0.0735|0.1127,governed_community_area_eligible_population
hypertension,33,5,0.382271468144,0.202216066482,0.306094182825,0,0,False,dominant_community_area_max_overlay_weight_gte_0.99,1,all_eligible,descriptive_within_community_distribution,direct_tract_distribution_not_area_prevalence,False,False,0.0518|0.0735|0.1127,governed_community_area_eligible_population
hypertension,34,4,0.751385041551,0.110457063712,0.271468144044,0.5,0,False,dominant_community_area_max_overlay_weight_gte_0.99,0.999988074925,all_eligible,descriptive_within_community_distribution,direct_tract_distribution_not_area_prevalence,False,False,0.0518|0.0735|0.1127,governed_community_area_eligible_population
hypertension,35,9,0.91135734072,0.196675900277,0.315789473684,0.777777777778,0,False,dominant_community_area_max_overlay_weight_gte_0.99,1,all_eligible,descriptive_within_community_distribution,direct_tract_distribution_not_area_prevalence,False,False,0.0518|0.0735|0.1127,governed_community_area_eligible_population
hypertension,36,2,0.70567867036,0.0283933518006,0.0567867036011,0,0,False,dominant_community_area_max_overlay_weight_gte_0.99,0.998983538919,all_eligible,descriptive_within_community_distribution,direct_tract_distribution_not_area_prevalence,False,False,0.0518|0.0735|0.1127,governed_community_area_eligible_population
hypertension,37,2,0.875346260388,0.117728531856,0.235457063712,1,0,False,dominant_community_area_max_overlay_weight_gte_0.99,0.995627704987,all_eligible,descriptive_within_community_distribution,direct_tract_distribution_not_area_prevalence,False,False,0.0518|0.0735|0.1127,governed_community_area_eligible_population
hypertension,38,12,0.777700831025,0.156855955679,0.46675900277,0.666666666667,0,False,dominant_community_area_max_overlay_weight_gte_0.99,1,all_eligible,descriptive_within_community_distribution,direct_tract_distribution_not_area_prevalence,False,False,0.0518|0.0735|0.1127,governed_community_area_eligible_population
hypertension,39,6,0.613573407202,0.138850415512,0.335180055402,0.166666666667,0,False,dominant_community_area_max_overlay_weight_gte_0.99,0.999979890045,all_eligible,descriptive_within_community_distribution,direct_tract_distribution_not_area_prevalence,False,False,0.0518|0.0735|0.1127,governed_community_area_eligible_population
hypertension,40,6,0.690443213296,0.0180055401662,0.127423822715,0.166666666667,0,False,dominant_community_area_max_overlay_weight_gte_0.99,1,all_eligible,descriptive_within_community_distribution,direct_tract_distribution_not_area_prevalence,False,False,0.0518|0.0735|0.1127,governed_community_area_eligible_population
hypertension,41,8,0.560941828255,0.129155124654,0.365650969529,0,0,False,dominant_community_area_max_overlay_weight_gte_0.99,1,all_eligible,descriptive_within_community_distribution,direct_tract_distribution_not_area_prevalence,False,False,0.0518|0.0735|0.1127,governed_community_area_eligible_population
hypertension,42,10,0.668975069252,0.198753462604,0.457063711911,0.4,0,False,dominant_community_area_max_overlay_weight_gte_0.99,0.999999734846,all_eligible,descriptive_within_community_distribution,direct_tract_distribution_not_area_prevalence,False,False,0.0518|0.0735|0.1127,governed_community_area_eligible_population
hypertension,43,12,0.808864265928,0.0841412742382,0.3891966759,0.916666666667,0,False,dominant_community_area_max_overlay_weight_gte_0.99,1,all_eligible,descriptive_within_community_distribution,direct_tract_distribution_not_area_prevalence,False,False,0.0518|0.0735|0.1127,governed_community_area_eligible_population
hypertension,44,9,0.901662049861,0.149584487535,0.285318559557,0.777777777778,0,False,dominant_community_area_max_overlay_weight_gte_0.99,1,all_eligible,descriptive_within_community_distribution,direct_tract_distribution_not_area_prevalence,False,False,0.0518|0.0735|0.1127,governed_community_area_eligible_population
hypertension,45,1,0.96675900277,0,0,1,0,False,dominant_community_area_max_overlay_weight_gte_0.99,0.999758517801,all_eligible,descriptive_within_community_distribution,direct_tract_distribution_not_area_prevalence,False,False,0.0518|0.0735|0.1127,governed_community_area_eligible_population
hypertension,46,8,0.765235457064,0.19459833795,0.335180055402,0.5,0,False,dominant_community_area_max_overlay_weight_gte_0.99,1,all_eligible,descriptive_within_community_distribution,direct_tract_distribution_not_area_prevalence,False,False,0.0518|0.0735|0.1127,governed_community_area_eligible_population
hypertension,47,1,0.829639889197,0,0,1,0,False,dominant_community_area_max_overlay_weight_gte_0.99,0.992557070143,all_eligible,descriptive_within_community_distribution,direct_tract_distribution_not_area_prevalence,False,False,0.0518|0.0735|0.1127,governed_community_area_eligible_population
hypertension,48,5,0.954293628809,0.0415512465374,0.180055401662,1,0,False,dominant_community_area_max_overlay_weight_gte_0.99,0.999988377578,all_eligible,descriptive_within_community_distribution,direct_tract_distribution_not_area_prevalence,False,False,0.0518|0.0735|0.1127,governed_community_area_eligible_population
hypertension,49,13,0.887811634349,0.142659279778,0.270083102493,0.769230769231,0,False,dominant_community_area_max_overlay_weight_gte_0.99,1,all_eligible,descriptive_within_community_distribution,direct_tract_distribution_not_area_prevalence,False,False,0.0518|0.0735|0.1127,governed_community_area_eligible_population
hypertension,50,3,0.736842105263,0.16135734072,0.32271468144,0.333333333333,0,False,dominant_community_area_max_overlay_weight_gte_0.99,0.999855028706,all_eligible,descriptive_within_community_distribution,direct_tract_distribution_not_area_prevalence,False,False,0.0518|0.0735|0.1127,governed_community_area_eligible_population
hypertension,51,3,0.854570637119,0.0948753462604,0.189750692521,0.666666666667,0,False,dominant_community_area_max_overlay_weight_gte_0.99,0.999977253105,all_eligible,descriptive_within_community_distribution,direct_tract_distribution_not_area_prevalence,False,False,0.0518|0.0735|0.1127,governed_community_area_eligible_population
hypertension,52,6,0.565789473684,0.0505540166205,0.239612188366,0,0,False,dominant_community_area_max_overlay_weight_gte_0.99,1,all_eligible,descriptive_within_community_distribution,direct_tract_distribution_not_area_prevalence,False,False,0.0518|0.0735|0.1127,governed_community_area_eligible_population
hypertension,53,8,0.866343490305,0.0567867036011,0.128808864266,1,0,False,dominant_community_area_max_overlay_weight_gte_0.99,1,all_eligible,descriptive_within_community_distribution,direct_tract_distribution_not_area_prevalence,False,False,0.0518|0.0735|0.1127,governed_community_area_eligible_population
hypertension,54,2,0.78635734072,0.0647506925208,0.129501385042,0.5,0,False,dominant_community_area_max_overlay_weight_gte_0.99,1,all_eligible,descriptive_within_community_distribution,direct_tract_distribution_not_area_prevalence,False,False,0.0518|0.0735|0.1127,governed_community_area_eligible_population
hypertension,55,2,0.524238227147,0.0657894736842,0.131578947368,0,0,False,dominant_community_area_max_overlay_weight_gte_0.99,0.990874116289,all_eligible,descriptive_within_community_distribution,direct_tract_distribution_not_area_prevalence,False,False,0.0518|0.0735|0.1127,governed_community_area_eligible_population
hypertension,56,9,0.430747922438,0.1108033241,0.534626038781,0.111111111111,0,False,dominant_community_area_max_overlay_weight_gte_0.99,1,all_eligible,descriptive_within_community_distribution,direct_tract_distribution_not_area_prevalence,False,False,0.0518|0.0735|0.1127,governed_community_area_eligible_population
hypertension,57,5,0.405817174515,0.146814404432,0.216066481994,0,0,False,dominant_community_area_max_overlay_weight_gte_0.99,1,all_eligible,descriptive_within_community_distribution,direct_tract_distribution_not_area_prevalence,False,False,0.0518|0.0735|0.1127,governed_community_area_eligible_population
hypertension,58,9,0.483379501385,0.0401662049861,0.216066481994,0,0,False,dominant_community_area_max_overlay_weight_gte_0.99,1,all_eligible,descriptive_within_community_distribution,direct_tract_distribution_not_area_prevalence,False,False,0.0518|0.0735|0.1127,governed_community_area_eligible_population
hypertension,59,3,0.508310249307,0.0318559556787,0.0637119113573,0,0,False,dominant_community_area_max_overlay_weight_gte_0.99,0.999985319021,all_eligible,descriptive_within_community_distribution,direct_tract_distribution_not_area_prevalence,False,False,0.0518|0.0735|0.1127,governed_community_area_eligible_population
hypertension,60,6,0.602493074792,0.0560941828255,0.119113573407,0,0,False,dominant_community_area_max_overlay_weight_gte_0.99,1,all_eligible,descriptive_within_community_distribution,direct_tract_distribution_not_area_prevalence,False,False,0.0518|0.0735|0.1127,governed_community_area_eligible_population
hypertension,61,13,0.587257617729,0.209141274238,0.534626038781,0.0769230769231,0,False,dominant_community_area_max_overlay_weight_gte_0.99,1,all_eligible,descriptive_within_community_distribution,direct_tract_distribution_not_area_prevalence,False,False,0.0518|0.0735|0.1127,governed_community_area_eligible_population
hypertension,62,2,0.364958448753,0.0574792243767,0.114958448753,0,0,False,dominant_community_area_max_overlay_weight_gte_0.99,0.993610499109,all_eligible,descriptive_within_community_distribution,direct_tract_distribution_not_area_prevalence,False,False,0.0518|0.0735|0.1127,governed_community_area_eligible_population
hypertension,63,5,0.409972299169,0.117728531856,0.189750692521,0,0,False,dominant_community_area_max_overlay_weight_gte_0.99,1,all_eligible,descriptive_within_community_distribution,direct_tract_distribution_not_area_prevalence,False,False,0.0518|0.0735|0.1127,governed_community_area_eligible_population
hypertension,64,7,0.435595567867,0.0941828254848,0.217451523546,0,0,False,dominant_community_area_max_overlay_weight_gte_0.99,1,all_eligible,descriptive_within_community_distribution,direct_tract_distribution_not_area_prevalence,False,False,0.0518|0.0735|0.1127,governed_community_area_eligible_population
hypertension,65,6,0.477493074792,0.0780817174515,0.224376731302,0,0,False,dominant_community_area_max_overlay_weight_gte_0.99,0.999936708782,all_eligible,descriptive_within_community_distribution,direct_tract_distribution_not_area_prevalence,False,False,0.0518|0.0735|0.1127,governed_community_area_eligible_population
hypertension,66,8,0.602493074792,0.162049861496,0.342105263158,0,0,False,dominant_community_area_max_overlay_weight_gte_0.99,1,all_eligible,descriptive_within_community_distribution,direct_tract_distribution_not_area_prevalence,False,False,0.0518|0.0735|0.1127,governed_community_area_eligible_population
hypertension,67,16,0.853878116343,0.0952216066482,0.249307479224,0.8125,0,False,dominant_community_area_max_overlay_weight_gte_0.99,1,all_eligible,descriptive_within_community_distribution,direct_tract_distribution_not_area_prevalence,False,False,0.0518|0.0735|0.1127,governed_community_area_eligible_population
hypertension,68,10,0.832409972299,0.108379501385,0.274238227147,0.7,0,False,dominant_community_area_max_overlay_weight_gte_0.99,1,all_eligible,descriptive_within_community_distribution,direct_tract_distribution_not_area_prevalence,False,False,0.0518|0.0735|0.1127,governed_community_area_eligible_population
hypertension,69,12,0.783933518006,0.166551246537,0.44459833795,0.5,0,False,dominant_community_area_max_overlay_weight_gte_0.99,1,all_eligible,descriptive_within_community_distribution,direct_tract_distribution_not_area_prevalence,False,False,0.0518|0.0735|0.1127,governed_community_area_eligible_population
hypertension,70,8,0.695983379501,0.192520775623,0.523545706371,0.375,0,False,dominant_community_area_max_overlay_weight_gte_0.99,1,all_eligible,descriptive_within_community_distribution,direct_tract_distribution_not_area_prevalence,False,False,0.0518|0.0735|0.1127,governed_community_area_eligible_population
hypertension,71,14,0.873268698061,0.0670013850416,0.228531855956,0.928571428571,0,False,dominant_community_area_max_overlay_weight_gte_0.99,1,all_eligible,descriptive_within_community_distribution,direct_tract_distribution_not_area_prevalence,False,False,0.0518|0.0735|0.1127,governed_community_area_eligible_population
hypertension,72,7,0.592797783934,0.123268698061,0.288088642659,0,0,False,dominant_community_area_max_overlay_weight_gte_0.99,1,all_eligible,descriptive_within_community_distribution,direct_tract_distribution_not_area_prevalence,False,False,0.0518|0.0735|0.1127,governed_community_area_eligible_population
hypertension,73,5,0.835180055402,0.01108033241,0.0484764542936,1,0,False,dominant_community_area_max_overlay_weight_gte_0.99,0.999999766669,all_eligible,descriptive_within_community_distribution,direct_tract_distribution_not_area_prevalence,False,False,0.0518|0.0735|0.1127,governed_community_area_eligible_population
hypertension,74,4,0.616343490305,0.0370498614958,0.0567867036011,0,0,False,dominant_community_area_max_overlay_weight_gte_0.99,1,all_eligible,descriptive_within_community_distribution,direct_tract_distribution_not_area_prevalence,False,False,0.0518|0.0735|0.1127,governed_community_area_eligible_population
hypertension,75,6,0.831024930748,0.0896814404432,0.315789473684,0.833333333333,0,False,dominant_community_area_max_overlay_weight_gte_0.99,1,all_eligible,descriptive_within_community_distribution,direct_tract_distribution_not_area_prevalence,False,False,0.0518|0.0735|0.1127,governed_community_area_eligible_population
hypertension,76,3,0.673130193906,0.134349030471,0.268698060942,0,0,False,dominant_community_area_max_overlay_weight_gte_0.99,0.999991582907,all_eligible,descriptive_within_community_distribution,direct_tract_distribution_not_area_prevalence,False,False,0.0518|0.0735|0.1127,governed_community_area_eligible_population
hypertension,77,16,0.284626038781,0.297783933518,0.520775623269,0,0.4375,False,dominant_community_area_max_overlay_weight_gte_0.99,1,all_eligible,descriptive_within_community_distribution,direct_tract_distribution_not_area_prevalence,False,False,0.0518|0.0735|0.1127,governed_community_area_eligible_population
copd,01,3,0.333333333333,0.0590277777778,0.118055555556,0,0,False,dominant_community_area_max_overlay_weight_gte_0.99,1,noncrossing_only,descriptive_within_community_distribution,direct_tract_distribution_not_area_prevalence,False,True,0.0518|0.0735|0.1127,governed_community_area_eligible_population
copd,02,2,0.135416666667,0.0520833333333,0.104166666667,0,1,False,dominant_community_area_max_overlay_weight_gte_0.99,1,noncrossing_only,descriptive_within_community_distribution,direct_tract_distribution_not_area_prevalence,False,True,0.0518|0.0735|0.1127,governed_community_area_eligible_population
copd,03,3,0.201388888889,0.0868055555556,0.173611111111,0,0.666666666667,False,dominant_community_area_max_overlay_weight_gte_0.99,1,noncrossing_only,descriptive_within_community_distribution,direct_tract_distribution_not_area_prevalence,False,True,0.0518|0.0735|0.1127,governed_community_area_eligible_population
copd,05,1,0.00694444444444,0,0,0,1,False,dominant_community_area_max_overlay_weight_gte_0.99,1,noncrossing_only,descriptive_within_community_distribution,direct_tract_distribution_not_area_prevalence,False,True,0.0518|0.0735|0.1127,governed_community_area_eligible_population
copd,06,3,0.118055555556,0.0729166666667,0.145833333333,0,1,False,dominant_community_area_max_overlay_weight_gte_0.99,1,noncrossing_only,descriptive_within_community_distribution,direct_tract_distribution_not_area_prevalence,False,True,0.0518|0.0735|0.1127,governed_community_area_eligible_population
copd,07,3,0.236111111111,0.159722222222,0.319444444444,0,0.666666666667,False,dominant_community_area_max_overlay_weight_gte_0.99,1,noncrossing_only,descriptive_within_community_distribution,direct_tract_distribution_not_area_prevalence,False,True,0.0518|0.0735|0.1127,governed_community_area_eligible_population
copd,08,8,0.392361111111,0.342013888889,0.736111111111,0.25,0.375,True,dominant_community_area_max_overlay_weight_gte_0.99,1,noncrossing_only,descriptive_within_community_distribution,direct_tract_distribution_not_area_prevalence,False,True,0.0518|0.0735|0.1127,governed_community_area_eligible_population
copd,15,2,0.215277777778,0.0763888888889,0.152777777778,0,0.5,False,dominant_community_area_max_overlay_weight_gte_0.99,1,noncrossing_only,descriptive_within_community_distribution,direct_tract_distribution_not_area_prevalence,False,True,0.0518|0.0735|0.1127,governed_community_area_eligible_population
copd,17,3,0.527777777778,0.184027777778,0.368055555556,0.333333333333,0,False,dominant_community_area_max_overlay_weight_gte_0.99,1,noncrossing_only,descriptive_within_community_distribution,direct_tract_distribution_not_area_prevalence,False,True,0.0518|0.0735|0.1127,governed_community_area_eligible_population
copd,19,2,0.104166666667,0.0416666666667,0.0833333333333,0,1,False,dominant_community_area_max_overlay_weight_gte_0.99,1,noncrossing_only,descriptive_within_community_distribution,direct_tract_distribution_not_area_prevalence,False,True,0.0518|0.0735|0.1127,governed_community_area_eligible_population
copd,23,3,0.5625,0.329861111111,0.659722222222,0.333333333333,0.333333333333,True,dominant_community_area_max_overlay_weight_gte_0.99,1,noncrossing_only,descriptive_within_community_distribution,direct_tract_distribution_not_area_prevalence,False,True,0.0518|0.0735|0.1127,governed_community_area_eligible_population
copd,24,5,0.166666666667,0.333333333333,0.451388888889,0,0.6,False,dominant_community_area_max_overlay_weight_gte_0.99,1,noncrossing_only,descriptive_within_community_distribution,direct_tract_distribution_not_area_prevalence,False,True,0.0518|0.0735|0.1127,governed_community_area_eligible_population
copd,25,16,0.826388888889,0.229166666667,0.534722222222,0.625,0,False,dominant_community_area_max_overlay_weight_gte_0.99,1,noncrossing_only,descriptive_within_community_distribution,direct_tract_distribution_not_area_prevalence,False,True,0.0518|0.0735|0.1127,governed_community_area_eligible_population
copd,26,2,0.975694444444,0.0104166666667,0.0208333333333,1,0,False,dominant_community_area_max_overlay_weight_gte_0.99,1,noncrossing_only,descriptive_within_community_distribution,direct_tract_distribution_not_area_prevalence,False,True,0.0518|0.0735|0.1127,governed_community_area_eligible_population
copd,27,4,0.701388888889,0.0503472222222,0.118055555556,0,0,False,dominant_community_area_max_overlay_weight_gte_0.99,1,noncrossing_only,descriptive_within_community_distribution,direct_tract_distribution_not_area_prevalence,False,True,0.0518|0.0735|0.1127,governed_community_area_eligible_population
copd,28,9,0.520833333333,0.493055555556,0.805555555556,0.333333333333,0.222222222222,True,dominant_community_area_max_overlay_weight_gte_0.99,1,noncrossing_only,descriptive_within_community_distribution,direct_tract_distribution_not_area_prevalence,False,True,0.0518|0.0735|0.1127,governed_community_area_eligible_population
copd,29,5,0.916666666667,0.131944444444,0.243055555556,0.8,0,False,dominant_community_area_max_overlay_weight_gte_0.99,1,noncrossing_only,descriptive_within_community_distribution,direct_tract_distribution_not_area_prevalence,False,True,0.0518|0.0735|0.1127,governed_community_area_eligible_population
copd,30,3,0.111111111111,0.0520833333333,0.104166666667,0,1,False,dominant_community_area_max_overlay_weight_gte_0.99,1,noncrossing_only,descriptive_within_community_distribution,direct_tract_distribution_not_area_prevalence,False,True,0.0518|0.0735|0.1127,governed_community_area_eligible_population
copd,32,1,0.277777777778,0,0,0,0,False,dominant_community_area_max_overlay_weight_gte_0.99,1,noncrossing_only,descriptive_within_community_distribution,direct_tract_distribution_not_area_prevalence,False,True,0.0518|0.0735|0.1127,governed_community_area_eligible_population
copd,33,1,0.243055555556,0,0,0,1,False,dominant_community_area_max_overlay_weight_gte_0.99,1,noncrossing_only,descriptive_within_community_distribution,direct_tract_distribution_not_area_prevalence,False,True,0.0518|0.0735|0.1127,governed_community_area_eligible_population
copd,35,1,0.944444444444,0,0,1,0,False,dominant_community_area_max_overlay_weight_gte_0.99,1,noncrossing_only,descriptive_within_community_distribution,direct_tract_distribution_not_area_prevalence,False,True,0.0518|0.0735|0.1127,governed_community_area_eligible_population
copd,38,2,0.652777777778,0.270833333333,0.541666666667,0.5,0,False,dominant_community_area_max_overlay_weight_gte_0.99,1,noncrossing_only,descriptive_within_community_distribution,direct_tract_distribution_not_area_prevalence,False,True,0.0518|0.0735|0.1127,governed_community_area_eligible_population
copd,40,2,0.663194444444,0.0381944444444,0.0763888888889,0,0,False,dominant_community_area_max_overlay_weight_gte_0.99,1,noncrossing_only,descriptive_within_community_distribution,direct_tract_distribution_not_area_prevalence,False,True,0.0518|0.0735|0.1127,governed_community_area_eligible_population
copd,41,2,0.590277777778,0.0138888888889,0.0277777777778,0,0,False,dominant_community_area_max_overlay_weight_gte_0.99,1,noncrossing_only,descriptive_within_community_distribution,direct_tract_distribution_not_area_prevalence,False,True,0.0518|0.0735|0.1127,governed_community_area_eligible_population
copd,43,6,0.614583333333,0.149305555556,0.479166666667,0.166666666667,0,False,dominant_community_area_max_overlay_weight_gte_0.99,1,noncrossing_only,descriptive_within_community_distribution,direct_tract_distribution_not_area_prevalence,False,True,0.0518|0.0735|0.1127,governed_community_area_eligible_population
copd,44,1,0.743055555556,0,0,0,0,False,dominant_community_area_max_overlay_weight_gte_0.99,1,noncrossing_only,descriptive_within_community_distribution,direct_tract_distribution_not_area_prevalence,False,True,0.0518|0.0735|0.1127,governed_community_area_eligible_population
copd,46,1,0.354166666667,0,0,0,0,False,dominant_community_area_max_overlay_weight_gte_0.99,1,noncrossing_only,descriptive_within_community_distribution,direct_tract_distribution_not_area_prevalence,False,True,0.0518|0.0735|0.1127,governed_community_area_eligible_population
copd,49,1,0.951388888889,0,0,1,0,False,dominant_community_area_max_overlay_weight_gte_0.99,1,noncrossing_only,descriptive_within_community_distribution,direct_tract_distribution_not_area_prevalence,False,True,0.0518|0.0735|0.1127,governed_community_area_eligible_population
copd,53,3,0.708333333333,0.197916666667,0.395833333333,0.333333333333,0,False,dominant_community_area_max_overlay_weight_gte_0.99,1,noncrossing_only,descriptive_within_community_distribution,direct_tract_distribution_not_area_prevalence,False,True,0.0518|0.0735|0.1127,governed_community_area_eligible_population
copd,54,1,0.847222222222,0,0,1,0,False,dominant_community_area_max_overlay_weight_gte_0.99,1,noncrossing_only,descriptive_within_community_distribution,direct_tract_distribution_not_area_prevalence,False,True,0.0518|0.0735|0.1127,governed_community_area_eligible_population
copd,56,4,0.371527777778,0.0989583333333,0.208333333333,0,0.25,False,dominant_community_area_max_overlay_weight_gte_0.99,1,noncrossing_only,descriptive_within_community_distribution,direct_tract_distribution_not_area_prevalence,False,True,0.0518|0.0735|0.1127,governed_community_area_eligible_population
copd,57,1,0.0138888888889,0,0,0,1,False,dominant_community_area_max_overlay_weight_gte_0.99,1,noncrossing_only,descriptive_within_community_distribution,direct_tract_distribution_not_area_prevalence,False,True,0.0518|0.0735|0.1127,governed_community_area_eligible_population
copd,58,2,0.111111111111,0.0208333333333,0.0416666666667,0,1,False,dominant_community_area_max_overlay_weight_gte_0.99,1,noncrossing_only,descriptive_within_community_distribution,direct_tract_distribution_not_area_prevalence,False,True,0.0518|0.0735|0.1127,governed_community_area_eligible_population
copd,60,3,0.583333333333,0.177083333333,0.354166666667,0,0,False,dominant_community_area_max_overlay_weight_gte_0.99,1,noncrossing_only,descriptive_within_community_distribution,direct_tract_distribution_not_area_prevalence,False,True,0.0518|0.0735|0.1127,governed_community_area_eligible_population
copd,61,3,0.3125,0.0798611111111,0.159722222222,0,0,False,dominant_community_area_max_overlay_weight_gte_0.99,1,noncrossing_only,descriptive_within_community_distribution,direct_tract_distribution_not_area_prevalence,False,True,0.0518|0.0735|0.1127,governed_community_area_eligible_population
copd,63,2,0.0381944444444,0.0104166666667,0.0208333333333,0,1,False,dominant_community_area_max_overlay_weight_gte_0.99,1,noncrossing_only,descriptive_within_community_distribution,direct_tract_distribution_not_area_prevalence,False,True,0.0518|0.0735|0.1127,governed_community_area_eligible_population
copd,64,3,0.430555555556,0.0868055555556,0.173611111111,0,0,False,dominant_community_area_max_overlay_weight_gte_0.99,1,noncrossing_only,descriptive_within_community_distribution,direct_tract_distribution_not_area_prevalence,False,True,0.0518|0.0735|0.1127,governed_community_area_eligible_population
copd,66,2,0.322916666667,0.09375,0.1875,0,0.5,False,dominant_community_area_max_overlay_weight_gte_0.99,1,noncrossing_only,descriptive_within_community_distribution,direct_tract_distribution_not_area_prevalence,False,True,0.0518|0.0735|0.1127,governed_community_area_eligible_population
copd,67,3,0.784722222222,0.0173611111111,0.0347222222222,1,0,False,dominant_community_area_max_overlay_weight_gte_0.99,1,noncrossing_only,descriptive_within_community_distribution,direct_tract_distribution_not_area_prevalence,False,True,0.0518|0.0735|0.1127,governed_community_area_eligible_population
copd,68,1,0.993055555556,0,0,1,0,False,dominant_community_area_max_overlay_weight_gte_0.99,1,noncrossing_only,descriptive_within_community_distribution,direct_tract_distribution_not_area_prevalence,False,True,0.0518|0.0735|0.1127,governed_community_area_eligible_population
copd,69,2,0.631944444444,0.0208333333333,0.0416666666667,0,0,False,dominant_community_area_max_overlay_weight_gte_0.99,1,noncrossing_only,descriptive_within_community_distribution,direct_tract_distribution_not_area_prevalence,False,True,0.0518|0.0735|0.1127,governed_community_area_eligible_population
copd,70,3,0.159722222222,0.104166666667,0.208333333333,0,0.666666666667,False,dominant_community_area_max_overlay_weight_gte_0.99,1,noncrossing_only,descriptive_within_community_distribution,direct_tract_distribution_not_area_prevalence,False,True,0.0518|0.0735|0.1127,governed_community_area_eligible_population
copd,71,5,0.777777777778,0.118055555556,0.388888888889,0.6,0,False,dominant_community_area_max_overlay_weight_gte_0.99,1,noncrossing_only,descriptive_within_community_distribution,direct_tract_distribution_not_area_prevalence,False,True,0.0518|0.0735|0.1127,governed_community_area_eligible_population
copd,74,3,0.548611111111,0.135416666667,0.270833333333,0,0,False,dominant_community_area_max_overlay_weight_gte_0.99,1,noncrossing_only,descriptive_within_community_distribution,direct_tract_distribution_not_area_prevalence,False,True,0.0518|0.0735|0.1127,governed_community_area_eligible_population
copd,75,1,0.388888888889,0,0,0,0,False,dominant_community_area_max_overlay_weight_gte_0.99,1,noncrossing_only,descriptive_within_community_distribution,direct_tract_distribution_not_area_prevalence,False,True,0.0518|0.0735|0.1127,governed_community_area_eligible_population
copd,77,7,0.513888888889,0.215277777778,0.625,0,0.142857142857,False,dominant_community_area_max_overlay_weight_gte_0.99,1,noncrossing_only,descriptive_within_community_distribution,direct_tract_distribution_not_area_prevalence,False,True,0.0518|0.0735|0.1127,governed_community_area_eligible_population
hypertension,01,6,0.251020408163,0.127551020408,0.244897959184,0,0.5,False,dominant_community_area_max_overlay_weight_gte_0.99,1,noncrossing_only,descriptive_within_community_distribution,direct_tract_distribution_not_area_prevalence,False,True,0.0518|0.0735|0.1127,governed_community_area_eligible_population
hypertension,02,6,0.373469387755,0.0714285714286,0.175510204082,0,0,False,dominant_community_area_max_overlay_weight_gte_0.99,1,noncrossing_only,descriptive_within_community_distribution,direct_tract_distribution_not_area_prevalence,False,True,0.0518|0.0735|0.1127,governed_community_area_eligible_population
hypertension,03,3,0.261224489796,0.0632653061224,0.126530612245,0,0.333333333333,False,dominant_community_area_max_overlay_weight_gte_0.99,1,noncrossing_only,descriptive_within_community_distribution,direct_tract_distribution_not_area_prevalence,False,True,0.0518|0.0735|0.1127,governed_community_area_eligible_population
hypertension,04,3,0.102040816327,0.0510204081633,0.102040816327,0,1,False,dominant_community_area_max_overlay_weight_gte_0.99,1,noncrossing_only,descriptive_within_community_distribution,direct_tract_distribution_not_area_prevalence,False,True,0.0518|0.0735|0.1127,governed_community_area_eligible_population
hypertension,05,5,0.118367346939,0.0367346938776,0.0612244897959,0,1,False,dominant_community_area_max_overlay_weight_gte_0.99,1,noncrossing_only,descriptive_within_community_distribution,direct_tract_distribution_not_area_prevalence,False,True,0.0518|0.0735|0.1127,governed_community_area_eligible_population
hypertension,06,17,0.0571428571429,0.175510204082,0.338775510204,0,0.823529411765,False,dominant_community_area_max_overlay_weight_gte_0.99,1,noncrossing_only,descriptive_within_community_distribution,direct_tract_distribution_not_area_prevalence,False,True,0.0518|0.0735|0.1127,governed_community_area_eligible_population
hypertension,07,7,0.134693877551,0.114285714286,0.30612244898,0,0.857142857143,False,dominant_community_area_max_overlay_weight_gte_0.99,1,noncrossing_only,descriptive_within_community_distribution,direct_tract_distribution_not_area_prevalence,False,True,0.0518|0.0735|0.1127,governed_community_area_eligible_population
hypertension,08,9,0.351020408163,0.25306122449,0.518367346939,0,0.222222222222,False,dominant_community_area_max_overlay_weight_gte_0.99,1,noncrossing_only,descriptive_within_community_distribution,direct_tract_distribution_not_area_prevalence,False,True,0.0518|0.0735|0.1127,governed_community_area_eligible_population
hypertension,09,1,0.391836734694,0,0,0,0,False,dominant_community_area_max_overlay_weight_gte_0.99,1,noncrossing_only,descriptive_within_community_distribution,direct_tract_distribution_not_area_prevalence,False,True,0.0518|0.0735|0.1127,governed_community_area_eligible_population
hypertension,14,3,0.257142857143,0.1,0.2,0,0.333333333333,False,dominant_community_area_max_overlay_weight_gte_0.99,1,noncrossing_only,descriptive_within_community_distribution,direct_tract_distribution_not_area_prevalence,False,True,0.0518|0.0735|0.1127,governed_community_area_eligible_population
hypertension,15,2,0.348979591837,0.0632653061224,0.126530612245,0,0,False,dominant_community_area_max_overlay_weight_gte_0.99,1,noncrossing_only,descriptive_within_community_distribution,direct_tract_distribution_not_area_prevalence,False,True,0.0518|0.0735|0.1127,governed_community_area_eligible_population
hypertension,16,1,0.167346938776,0,0,0,1,False,dominant_community_area_max_overlay_weight_gte_0.99,1,noncrossing_only,descriptive_within_community_distribution,direct_tract_distribution_not_area_prevalence,False,True,0.0518|0.0735|0.1127,governed_community_area_eligible_population
hypertension,17,4,0.616326530612,0.136734693878,0.228571428571,0.25,0,False,dominant_community_area_max_overlay_weight_gte_0.99,1,noncrossing_only,descriptive_within_community_distribution,direct_tract_distribution_not_area_prevalence,False,True,0.0518|0.0735|0.1127,governed_community_area_eligible_population
hypertension,19,6,0.448979591837,0.154081632653,0.25306122449,0,0,False,dominant_community_area_max_overlay_weight_gte_0.99,1,noncrossing_only,descriptive_within_community_distribution,direct_tract_distribution_not_area_prevalence,False,True,0.0518|0.0735|0.1127,governed_community_area_eligible_population
hypertension,21,2,0.24693877551,0.0224489795918,0.0448979591837,0,0.5,False,dominant_community_area_max_overlay_weight_gte_0.99,1,noncrossing_only,descriptive_within_community_distribution,direct_tract_distribution_not_area_prevalence,False,True,0.0518|0.0735|0.1127,governed_community_area_eligible_population
hypertension,22,9,0.195918367347,0.130612244898,0.204081632653,0,0.888888888889,False,dominant_community_area_max_overlay_weight_gte_0.99,1,noncrossing_only,descriptive_within_community_distribution,direct_tract_distribution_not_area_prevalence,False,True,0.0518|0.0735|0.1127,governed_community_area_eligible_population
hypertension,23,4,0.483673469388,0.340816326531,0.518367346939,0,0.25,False,dominant_community_area_max_overlay_weight_gte_0.99,1,noncrossing_only,descriptive_within_community_distribution,direct_tract_distribution_not_area_prevalence,False,True,0.0518|0.0735|0.1127,governed_community_area_eligible_population
hypertension,24,14,0.134693877551,0.135714285714,0.334693877551,0,0.857142857143,False,dominant_community_area_max_overlay_weight_gte_0.99,1,noncrossing_only,descriptive_within_community_distribution,direct_tract_distribution_not_area_prevalence,False,True,0.0518|0.0735|0.1127,governed_community_area_eligible_population
hypertension,25,17,0.922448979592,0.0775510204082,0.257142857143,0.941176470588,0,False,dominant_community_area_max_overlay_weight_gte_0.99,1,noncrossing_only,descriptive_within_community_distribution,direct_tract_distribution_not_area_prevalence,False,True,0.0518|0.0735|0.1127,governed_community_area_eligible_population
hypertension,26,2,0.818367346939,0.0795918367347,0.159183673469,0.5,0,False,dominant_community_area_max_overlay_weight_gte_0.99,1,noncrossing_only,descriptive_within_community_distribution,direct_tract_distribution_not_area_prevalence,False,True,0.0518|0.0735|0.1127,governed_community_area_eligible_population
hypertension,27,5,0.861224489796,0.167346938776,0.29387755102,0.6,0,False,dominant_community_area_max_overlay_weight_gte_0.99,1,noncrossing_only,descriptive_within_community_distribution,direct_tract_distribution_not_area_prevalence,False,True,0.0518|0.0735|0.1127,governed_community_area_eligible_population
hypertension,28,10,0.604081632653,0.210204081633,0.812244897959,0.2,0.1,True,dominant_community_area_max_overlay_weight_gte_0.99,1,noncrossing_only,descriptive_within_community_distribution,direct_tract_distribution_not_area_prevalence,False,True,0.0518|0.0735|0.1127,governed_community_area_eligible_population
hypertension,29,5,0.787755102041,0.0367346938776,0.342857142857,0.8,0,False,dominant_community_area_max_overlay_weight_gte_0.99,1,noncrossing_only,descriptive_within_community_distribution,direct_tract_distribution_not_area_prevalence,False,True,0.0518|0.0735|0.1127,governed_community_area_eligible_population
hypertension,30,11,0.555102040816,0.159183673469,0.338775510204,0,0,False,dominant_community_area_max_overlay_weight_gte_0.99,1,noncrossing_only,descriptive_within_community_distribution,direct_tract_distribution_not_area_prevalence,False,True,0.0518|0.0735|0.1127,governed_community_area_eligible_population
hypertension,31,1,0.383673469388,0,0,0,0,False,dominant_community_area_max_overlay_weight_gte_0.99,1,noncrossing_only,descriptive_within_community_distribution,direct_tract_distribution_not_area_prevalence,False,True,0.0518|0.0735|0.1127,governed_community_area_eligible_population
hypertension,32,1,0.322448979592,0,0,0,0,False,dominant_community_area_max_overlay_weight_gte_0.99,1,noncrossing_only,descriptive_within_community_distribution,direct_tract_distribution_not_area_prevalence,False,True,0.0518|0.0735|0.1127,governed_community_area_eligible_population
hypertension,33,1,0.302040816327,0,0,0,0,False,dominant_community_area_max_overlay_weight_gte_0.99,1,noncrossing_only,descriptive_within_community_distribution,direct_tract_distribution_not_area_prevalence,False,True,0.0518|0.0735|0.1127,governed_community_area_eligible_population
hypertension,35,1,0.951020408163,0,0,1,0,False,dominant_community_area_max_overlay_weight_gte_0.99,1,noncrossing_only,descriptive_within_community_distribution,direct_tract_distribution_not_area_prevalence,False,True,0.0518|0.0735|0.1127,governed_community_area_eligible_population
hypertension,38,4,0.716326530612,0.170408163265,0.351020408163,0.5,0,False,dominant_community_area_max_overlay_weight_gte_0.99,1,noncrossing_only,descriptive_within_community_distribution,direct_tract_distribution_not_area_prevalence,False,True,0.0518|0.0735|0.1127,governed_community_area_eligible_population
hypertension,40,2,0.683673469388,0.034693877551,0.069387755102,0,0,False,dominant_community_area_max_overlay_weight_gte_0.99,1,noncrossing_only,descriptive_within_community_distribution,direct_tract_distribution_not_area_prevalence,False,True,0.0518|0.0735|0.1127,governed_community_area_eligible_population
hypertension,41,3,0.587755102041,0.0959183673469,0.191836734694,0,0,False,dominant_community_area_max_overlay_weight_gte_0.99,1,noncrossing_only,descriptive_within_community_distribution,direct_tract_distribution_not_area_prevalence,False,True,0.0518|0.0735|0.1127,governed_community_area_eligible_population
hypertension,43,6,0.789795918367,0.0714285714286,0.395918367347,0.833333333333,0,False,dominant_community_area_max_overlay_weight_gte_0.99,1,noncrossing_only,descriptive_within_community_distribution,direct_tract_distribution_not_area_prevalence,False,True,0.0518|0.0735|0.1127,governed_community_area_eligible_population
hypertension,44,2,0.967346938776,0.0244897959184,0.0489795918367,1,0,False,dominant_community_area_max_overlay_weight_gte_0.99,1,noncrossing_only,descriptive_within_community_distribution,direct_tract_distribution_not_area_prevalence,False,True,0.0518|0.0735|0.1127,governed_community_area_eligible_population
hypertension,46,2,0.765306122449,0.0510204081633,0.102040816327,0.5,0,False,dominant_community_area_max_overlay_weight_gte_0.99,1,noncrossing_only,descriptive_within_community_distribution,direct_tract_distribution_not_area_prevalence,False,True,0.0518|0.0735|0.1127,governed_community_area_eligible_population
hypertension,49,3,0.808163265306,0.0530612244898,0.10612244898,1,0,False,dominant_community_area_max_overlay_weight_gte_0.99,1,noncrossing_only,descriptive_within_community_distribution,direct_tract_distribution_not_area_prevalence,False,True,0.0518|0.0735|0.1127,governed_community_area_eligible_population
hypertension,52,2,0.487755102041,0.0918367346939,0.183673469388,0,0,False,dominant_community_area_max_overlay_weight_gte_0.99,1,noncrossing_only,descriptive_within_community_distribution,direct_tract_distribution_not_area_prevalence,False,True,0.0518|0.0735|0.1127,governed_community_area_eligible_population
hypertension,53,4,0.883673469388,0.0357142857143,0.10612244898,1,0,False,dominant_community_area_max_overlay_weight_gte_0.99,1,noncrossing_only,descriptive_within_community_distribution,direct_tract_distribution_not_area_prevalence,False,True,0.0518|0.0735|0.1127,governed_community_area_eligible_population
hypertension,54,1,0.722448979592,0,0,0,0,False,dominant_community_area_max_overlay_weight_gte_0.99,1,noncrossing_only,descriptive_within_community_distribution,direct_tract_distribution_not_area_prevalence,False,True,0.0518|0.0735|0.1127,governed_community_area_eligible_population
hypertension,56,5,0.379591836735,0.110204081633,0.440816326531,0.2,0,False,dominant_community_area_max_overlay_weight_gte_0.99,1,noncrossing_only,descriptive_within_community_distribution,direct_tract_distribution_not_area_prevalence,False,True,0.0518|0.0735|0.1127,governed_community_area_eligible_population
hypertension,57,1,0.424489795918,0,0,0,0,False,dominant_community_area_max_overlay_weight_gte_0.99,1,noncrossing_only,descriptive_within_community_distribution,direct_tract_distribution_not_area_prevalence,False,True,0.0518|0.0735|0.1127,governed_community_area_eligible_population
hypertension,58,3,0.473469387755,0.104081632653,0.208163265306,0,0,False,dominant_community_area_max_overlay_weight_gte_0.99,1,noncrossing_only,descriptive_within_community_distribution,direct_tract_distribution_not_area_prevalence,False,True,0.0518|0.0735|0.1127,governed_community_area_eligible_population
hypertension,60,3,0.636734693878,0.065306122449,0.130612244898,0,0,False,dominant_community_area_max_overlay_weight_gte_0.99,1,noncrossing_only,descriptive_within_community_distribution,direct_tract_distribution_not_area_prevalence,False,True,0.0518|0.0735|0.1127,governed_community_area_eligible_population
hypertension,61,5,0.54693877551,0.126530612245,0.248979591837,0,0,False,dominant_community_area_max_overlay_weight_gte_0.99,1,noncrossing_only,descriptive_within_community_distribution,direct_tract_distribution_not_area_prevalence,False,True,0.0518|0.0735|0.1127,governed_community_area_eligible_population
hypertension,63,2,0.451020408163,0.0510204081633,0.102040816327,0,0,False,dominant_community_area_max_overlay_weight_gte_0.99,1,noncrossing_only,descriptive_within_community_distribution,direct_tract_distribution_not_area_prevalence,False,True,0.0518|0.0735|0.1127,governed_community_area_eligible_population
hypertension,64,3,0.485714285714,0.0551020408163,0.110204081633,0,0,False,dominant_community_area_max_overlay_weight_gte_0.99,1,noncrossing_only,descriptive_within_community_distribution,direct_tract_distribution_not_area_prevalence,False,True,0.0518|0.0735|0.1127,governed_community_area_eligible_population
hypertension,66,3,0.644897959184,0.0734693877551,0.14693877551,0,0,False,dominant_community_area_max_overlay_weight_gte_0.99,1,noncrossing_only,descriptive_within_community_distribution,direct_tract_distribution_not_area_prevalence,False,True,0.0518|0.0735|0.1127,governed_community_area_eligible_population
hypertension,67,7,0.840816326531,0.0673469387755,0.114285714286,1,0,False,dominant_community_area_max_overlay_weight_gte_0.99,1,noncrossing_only,descriptive_within_community_distribution,direct_tract_distribution_not_area_prevalence,False,True,0.0518|0.0735|0.1127,governed_community_area_eligible_population
hypertension,68,1,0.828571428571,0,0,1,0,False,dominant_community_area_max_overlay_weight_gte_0.99,1,noncrossing_only,descriptive_within_community_distribution,direct_tract_distribution_not_area_prevalence,False,True,0.0518|0.0735|0.1127,governed_community_area_eligible_population
hypertension,69,2,0.889795918367,0.0775510204082,0.155102040816,1,0,False,dominant_community_area_max_overlay_weight_gte_0.99,1,noncrossing_only,descriptive_within_community_distribution,direct_tract_distribution_not_area_prevalence,False,True,0.0518|0.0735|0.1127,governed_community_area_eligible_population
hypertension,70,4,0.661224489796,0.0755102040816,0.277551020408,0,0,False,dominant_community_area_max_overlay_weight_gte_0.99,1,noncrossing_only,descriptive_within_community_distribution,direct_tract_distribution_not_area_prevalence,False,True,0.0518|0.0735|0.1127,governed_community_area_eligible_population
hypertension,71,6,0.869387755102,0.0479591836735,0.102040816327,1,0,False,dominant_community_area_max_overlay_weight_gte_0.99,1,noncrossing_only,descriptive_within_community_distribution,direct_tract_distribution_not_area_prevalence,False,True,0.0518|0.0735|0.1127,governed_community_area_eligible_population
hypertension,72,2,0.577551020408,0.120408163265,0.240816326531,0,0,False,dominant_community_area_max_overlay_weight_gte_0.99,1,noncrossing_only,descriptive_within_community_distribution,direct_tract_distribution_not_area_prevalence,False,True,0.0518|0.0735|0.1127,governed_community_area_eligible_population
hypertension,74,3,0.591836734694,0.0387755102041,0.0775510204082,0,0,False,dominant_community_area_max_overlay_weight_gte_0.99,1,noncrossing_only,descriptive_within_community_distribution,direct_tract_distribution_not_area_prevalence,False,True,0.0518|0.0735|0.1127,governed_community_area_eligible_population
hypertension,75,1,0.74693877551,0,0,0,0,False,dominant_community_area_max_overlay_weight_gte_0.99,1,noncrossing_only,descriptive_within_community_distribution,direct_tract_distribution_not_area_prevalence,False,True,0.0518|0.0735|0.1127,governed_community_area_eligible_population
hypertension,77,9,0.497959183673,0.232653061224,0.522448979592,0,0.222222222222,False,dominant_community_area_max_overlay_weight_gte_0.99,1,noncrossing_only,descriptive_within_community_distribution,direct_tract_distribution_not_area_prevalence,False,True,0.0518|0.0735|0.1127,governed_community_area_eligible_population
