estimand_id,estimate,standard_error,ci_low,ci_high,confidence_level,row_type,analysis_id,time_period,period_role,included_years,outcome_years,n_paired,status,analysis_status,adjustment_set,primary_estimand_executed,formal_test_family,diabetes_denominator_mismatch_geographies,total_geography_universe,n_exposure_complete,n_outcome_complete,n_suppression_excluded,n_missing_exposure_excluded,n_denominator_mismatch_excluded,n_pair_excluded,iqr_source_population_id,candidate_id,disruption_status,continuity_review_status,exposure_source_id,exposure_snapshot_id,outcome_source_id,outcome_snapshot_id,outcome_lineage_id,outcome_provenance_contract,omitted_year,model_id,n,hypertension_iqr,diabetes_iqr,copd_iqr,covariance_type,estimator,interpretation
C1,,,,,0.975,association_model,leave_out_2022,2022-2024,leave_one_primary_year_out,2023|2024,2023|2024,0,withheld_no_eligible_pairs,withheld_no_eligible_pairs,unadjusted,False,not_applicable_no_formal_p_values,0,77,0,77,0,0,0,77,pooled_2022_2024_model_specific_eligible_population,,,,capricorn_chicagohealthmap_export_2026_05_27,capricorn_chicagohealthmap_export_2026_05_27_2026-05-27,chicago_health_atlas_life_expectancy,chicago_health_atlas_life_expectancy_2026-07-13,config/source_registry.yml#chicago_health_atlas_life_expectancy,registered_frozen_public_source_lineage,2022,,,,,,,,
C1-D,,,,,0.95,association_model,leave_out_2022,2022-2024,leave_one_primary_year_out,2023|2024,2023|2024,0,withheld_no_eligible_pairs,withheld_no_eligible_pairs,unadjusted,False,not_applicable_no_formal_p_values,0,77,0,77,0,0,0,77,pooled_2022_2024_model_specific_eligible_population,,,,capricorn_chicagohealthmap_export_2026_05_27,capricorn_chicagohealthmap_export_2026_05_27_2026-05-27,chicago_health_atlas_life_expectancy,chicago_health_atlas_life_expectancy_2026-07-13,config/source_registry.yml#chicago_health_atlas_life_expectancy,registered_frozen_public_source_lineage,2022,,,,,,,,
C1-H,,,,,0.95,association_model,leave_out_2022,2022-2024,leave_one_primary_year_out,2023|2024,2023|2024,0,withheld_no_eligible_pairs,withheld_no_eligible_pairs,unadjusted,False,not_applicable_no_formal_p_values,0,77,0,77,0,0,0,77,pooled_2022_2024_model_specific_eligible_population,,,,capricorn_chicagohealthmap_export_2026_05_27,capricorn_chicagohealthmap_export_2026_05_27_2026-05-27,chicago_health_atlas_life_expectancy,chicago_health_atlas_life_expectancy_2026-07-13,config/source_registry.yml#chicago_health_atlas_life_expectancy,registered_frozen_public_source_lineage,2022,,,,,,,,
C2,-5.97938628565,0.498564139892,-7.09686930869,-4.86190326261,0.975,association_model,leave_out_2022,2022-2024,leave_one_primary_year_out,2023|2024,2023|2024,76,supported_sensitivity_not_primary,supported_temporal_sensitivity_not_primary,unadjusted,False,not_applicable_no_formal_p_values,0,77,76,77,1,0,0,1,pooled_2022_2024_model_specific_eligible_population,,,,capricorn_chicagohealthmap_export_2026_05_27,capricorn_chicagohealthmap_export_2026_05_27_2026-05-27,chicago_health_atlas_life_expectancy,chicago_health_atlas_life_expectancy_2026-07-13,config/source_registry.yml#chicago_health_atlas_life_expectancy,registered_frozen_public_source_lineage,2022,C2_unadjusted,76,,,3.68061861872,HC3,unweighted_ols,noncausal_ecological_association
C1,,,,,0.975,association_model,leave_out_2023,2022-2024,leave_one_primary_year_out,2022|2024,2022|2024,0,withheld_no_eligible_pairs,withheld_no_eligible_pairs,unadjusted,False,not_applicable_no_formal_p_values,0,77,0,77,0,0,0,77,pooled_2022_2024_model_specific_eligible_population,,,,capricorn_chicagohealthmap_export_2026_05_27,capricorn_chicagohealthmap_export_2026_05_27_2026-05-27,chicago_health_atlas_life_expectancy,chicago_health_atlas_life_expectancy_2026-07-13,config/source_registry.yml#chicago_health_atlas_life_expectancy,registered_frozen_public_source_lineage,2023,,,,,,,,
C1-D,,,,,0.95,association_model,leave_out_2023,2022-2024,leave_one_primary_year_out,2022|2024,2022|2024,0,withheld_no_eligible_pairs,withheld_no_eligible_pairs,unadjusted,False,not_applicable_no_formal_p_values,0,77,0,77,0,0,0,77,pooled_2022_2024_model_specific_eligible_population,,,,capricorn_chicagohealthmap_export_2026_05_27,capricorn_chicagohealthmap_export_2026_05_27_2026-05-27,chicago_health_atlas_life_expectancy,chicago_health_atlas_life_expectancy_2026-07-13,config/source_registry.yml#chicago_health_atlas_life_expectancy,registered_frozen_public_source_lineage,2023,,,,,,,,
C1-H,,,,,0.95,association_model,leave_out_2023,2022-2024,leave_one_primary_year_out,2022|2024,2022|2024,0,withheld_no_eligible_pairs,withheld_no_eligible_pairs,unadjusted,False,not_applicable_no_formal_p_values,0,77,0,77,0,0,0,77,pooled_2022_2024_model_specific_eligible_population,,,,capricorn_chicagohealthmap_export_2026_05_27,capricorn_chicagohealthmap_export_2026_05_27_2026-05-27,chicago_health_atlas_life_expectancy,chicago_health_atlas_life_expectancy_2026-07-13,config/source_registry.yml#chicago_health_atlas_life_expectancy,registered_frozen_public_source_lineage,2023,,,,,,,,
C2,-6.300526784,0.601050363874,-7.64772270902,-4.95333085899,0.975,association_model,leave_out_2023,2022-2024,leave_one_primary_year_out,2022|2024,2022|2024,76,supported_sensitivity_not_primary,supported_temporal_sensitivity_not_primary,unadjusted,False,not_applicable_no_formal_p_values,0,77,76,77,1,0,0,1,pooled_2022_2024_model_specific_eligible_population,,,,capricorn_chicagohealthmap_export_2026_05_27,capricorn_chicagohealthmap_export_2026_05_27_2026-05-27,chicago_health_atlas_life_expectancy,chicago_health_atlas_life_expectancy_2026-07-13,config/source_registry.yml#chicago_health_atlas_life_expectancy,registered_frozen_public_source_lineage,2023,C2_unadjusted,76,,,3.68061861872,HC3,unweighted_ols,noncausal_ecological_association
C1,,,,,0.975,association_model,leave_out_2024,2022-2024,leave_one_primary_year_out,2022|2023,2022|2023,0,withheld_no_eligible_pairs,withheld_no_eligible_pairs,unadjusted,False,not_applicable_no_formal_p_values,0,77,0,77,0,0,0,77,pooled_2022_2024_model_specific_eligible_population,,,,capricorn_chicagohealthmap_export_2026_05_27,capricorn_chicagohealthmap_export_2026_05_27_2026-05-27,chicago_health_atlas_life_expectancy,chicago_health_atlas_life_expectancy_2026-07-13,config/source_registry.yml#chicago_health_atlas_life_expectancy,registered_frozen_public_source_lineage,2024,,,,,,,,
C1-D,,,,,0.95,association_model,leave_out_2024,2022-2024,leave_one_primary_year_out,2022|2023,2022|2023,0,withheld_no_eligible_pairs,withheld_no_eligible_pairs,unadjusted,False,not_applicable_no_formal_p_values,0,77,0,77,0,0,0,77,pooled_2022_2024_model_specific_eligible_population,,,,capricorn_chicagohealthmap_export_2026_05_27,capricorn_chicagohealthmap_export_2026_05_27_2026-05-27,chicago_health_atlas_life_expectancy,chicago_health_atlas_life_expectancy_2026-07-13,config/source_registry.yml#chicago_health_atlas_life_expectancy,registered_frozen_public_source_lineage,2024,,,,,,,,
C1-H,,,,,0.95,association_model,leave_out_2024,2022-2024,leave_one_primary_year_out,2022|2023,2022|2023,0,withheld_no_eligible_pairs,withheld_no_eligible_pairs,unadjusted,False,not_applicable_no_formal_p_values,0,77,0,77,0,0,0,77,pooled_2022_2024_model_specific_eligible_population,,,,capricorn_chicagohealthmap_export_2026_05_27,capricorn_chicagohealthmap_export_2026_05_27_2026-05-27,chicago_health_atlas_life_expectancy,chicago_health_atlas_life_expectancy_2026-07-13,config/source_registry.yml#chicago_health_atlas_life_expectancy,registered_frozen_public_source_lineage,2024,,,,,,,,
C2,-6.37858173326,0.654539640103,-7.84566866791,-4.91149479861,0.975,association_model,leave_out_2024,2022-2024,leave_one_primary_year_out,2022|2023,2022|2023,76,supported_sensitivity_not_primary,supported_temporal_sensitivity_not_primary,unadjusted,False,not_applicable_no_formal_p_values,0,77,76,77,1,0,0,1,pooled_2022_2024_model_specific_eligible_population,,,,capricorn_chicagohealthmap_export_2026_05_27,capricorn_chicagohealthmap_export_2026_05_27_2026-05-27,chicago_health_atlas_life_expectancy,chicago_health_atlas_life_expectancy_2026-07-13,config/source_registry.yml#chicago_health_atlas_life_expectancy,registered_frozen_public_source_lineage,2024,C2_unadjusted,76,,,3.68061861872,HC3,unweighted_ols,noncausal_ecological_association
