analysis_id,analysis_name,condition_id,period,statistic_family,geography_id,statistic,p_raw,p_adjusted,fdr_family,cluster_label,raw_significant_05,significant_fdr_05,weights_checksum,seed,permutations,permutation_method,denominator,diagnostic_status,sensitivity_status,source_artifact,results_authorized
A7,Local spatial structure,hypertension,2022-2024 pooled,local_moran,01,1.06793027922,0.2688,0.435285714286,hypertension|2022-2024 pooled|local_moran,low-low,False,False,f1a9b8ade1bf4ed1258b54f97dd78a8c710dc51cc03350053c99df59b2de7922,20260715,9999,conditional_focal_value_fixed_two_sided_centered,77,eligible_local_cluster_diagnostic,queen_weights_primary,direct_chm_spatial_frame,False
A7,Local spatial structure,hypertension,2022-2024 pooled,local_moran,02,0.881692482218,0.0108,0.0396,hypertension|2022-2024 pooled|local_moran,low-low,True,True,f1a9b8ade1bf4ed1258b54f97dd78a8c710dc51cc03350053c99df59b2de7922,20260715,9999,conditional_focal_value_fixed_two_sided_centered,77,eligible_local_cluster_diagnostic,queen_weights_primary,direct_chm_spatial_frame,False
A7,Local spatial structure,hypertension,2022-2024 pooled,local_moran,03,1.99723810672,0.0002,0.001925,hypertension|2022-2024 pooled|local_moran,low-low,True,True,f1a9b8ade1bf4ed1258b54f97dd78a8c710dc51cc03350053c99df59b2de7922,20260715,9999,conditional_focal_value_fixed_two_sided_centered,77,eligible_local_cluster_diagnostic,queen_weights_primary,direct_chm_spatial_frame,False
A7,Local spatial structure,hypertension,2022-2024 pooled,local_moran,04,2.4295656517,0.0002,0.001925,hypertension|2022-2024 pooled|local_moran,low-low,True,True,f1a9b8ade1bf4ed1258b54f97dd78a8c710dc51cc03350053c99df59b2de7922,20260715,9999,conditional_focal_value_fixed_two_sided_centered,77,eligible_local_cluster_diagnostic,queen_weights_primary,direct_chm_spatial_frame,False
A7,Local spatial structure,hypertension,2022-2024 pooled,local_moran,05,3.4258319873,0.0001,0.001925,hypertension|2022-2024 pooled|local_moran,low-low,True,True,f1a9b8ade1bf4ed1258b54f97dd78a8c710dc51cc03350053c99df59b2de7922,20260715,9999,conditional_focal_value_fixed_two_sided_centered,77,eligible_local_cluster_diagnostic,queen_weights_primary,direct_chm_spatial_frame,False
A7,Local spatial structure,hypertension,2022-2024 pooled,local_moran,06,3.40953944507,0.0001,0.001925,hypertension|2022-2024 pooled|local_moran,low-low,True,True,f1a9b8ade1bf4ed1258b54f97dd78a8c710dc51cc03350053c99df59b2de7922,20260715,9999,conditional_focal_value_fixed_two_sided_centered,77,eligible_local_cluster_diagnostic,queen_weights_primary,direct_chm_spatial_frame,False
A7,Local spatial structure,hypertension,2022-2024 pooled,local_moran,07,3.17971888482,0.0001,0.001925,hypertension|2022-2024 pooled|local_moran,low-low,True,True,f1a9b8ade1bf4ed1258b54f97dd78a8c710dc51cc03350053c99df59b2de7922,20260715,9999,conditional_focal_value_fixed_two_sided_centered,77,eligible_local_cluster_diagnostic,queen_weights_primary,direct_chm_spatial_frame,False
A7,Local spatial structure,hypertension,2022-2024 pooled,local_moran,08,1.04605447893,0.0056,0.0239555555556,hypertension|2022-2024 pooled|local_moran,low-low,True,True,f1a9b8ade1bf4ed1258b54f97dd78a8c710dc51cc03350053c99df59b2de7922,20260715,9999,conditional_focal_value_fixed_two_sided_centered,77,eligible_local_cluster_diagnostic,queen_weights_primary,direct_chm_spatial_frame,False
A7,Local spatial structure,hypertension,2022-2024 pooled,local_moran,09,0.58916861332,0.468,0.6006,hypertension|2022-2024 pooled|local_moran,low-low,False,False,f1a9b8ade1bf4ed1258b54f97dd78a8c710dc51cc03350053c99df59b2de7922,20260715,9999,conditional_focal_value_fixed_two_sided_centered,77,eligible_local_cluster_diagnostic,queen_weights_primary,direct_chm_spatial_frame,False
A7,Local spatial structure,hypertension,2022-2024 pooled,local_moran,10,0.377876517855,0.3444,0.530376,hypertension|2022-2024 pooled|local_moran,low-low,False,False,f1a9b8ade1bf4ed1258b54f97dd78a8c710dc51cc03350053c99df59b2de7922,20260715,9999,conditional_focal_value_fixed_two_sided_centered,77,eligible_local_cluster_diagnostic,queen_weights_primary,direct_chm_spatial_frame,False
A7,Local spatial structure,hypertension,2022-2024 pooled,local_moran,11,0.462408611415,0.1769,0.325966666667,hypertension|2022-2024 pooled|local_moran,low-low,False,False,f1a9b8ade1bf4ed1258b54f97dd78a8c710dc51cc03350053c99df59b2de7922,20260715,9999,conditional_focal_value_fixed_two_sided_centered,77,eligible_local_cluster_diagnostic,queen_weights_primary,direct_chm_spatial_frame,False
A7,Local spatial structure,hypertension,2022-2024 pooled,local_moran,12,0.738602934613,0.0137,0.04795,hypertension|2022-2024 pooled|local_moran,low-low,True,True,f1a9b8ade1bf4ed1258b54f97dd78a8c710dc51cc03350053c99df59b2de7922,20260715,9999,conditional_focal_value_fixed_two_sided_centered,77,eligible_local_cluster_diagnostic,queen_weights_primary,direct_chm_spatial_frame,False
A7,Local spatial structure,hypertension,2022-2024 pooled,local_moran,13,0.828502811442,0.0084,0.0340421052632,hypertension|2022-2024 pooled|local_moran,low-low,True,True,f1a9b8ade1bf4ed1258b54f97dd78a8c710dc51cc03350053c99df59b2de7922,20260715,9999,conditional_focal_value_fixed_two_sided_centered,77,eligible_local_cluster_diagnostic,queen_weights_primary,direct_chm_spatial_frame,False
A7,Local spatial structure,hypertension,2022-2024 pooled,local_moran,14,1.86571532007,0.0008,0.00513333333333,hypertension|2022-2024 pooled|local_moran,low-low,True,True,f1a9b8ade1bf4ed1258b54f97dd78a8c710dc51cc03350053c99df59b2de7922,20260715,9999,conditional_focal_value_fixed_two_sided_centered,77,eligible_local_cluster_diagnostic,queen_weights_primary,direct_chm_spatial_frame,False
A7,Local spatial structure,hypertension,2022-2024 pooled,local_moran,15,0.611530899881,0.0317,0.0841689655172,hypertension|2022-2024 pooled|local_moran,low-low,True,False,f1a9b8ade1bf4ed1258b54f97dd78a8c710dc51cc03350053c99df59b2de7922,20260715,9999,conditional_focal_value_fixed_two_sided_centered,77,eligible_local_cluster_diagnostic,queen_weights_primary,direct_chm_spatial_frame,False
A7,Local spatial structure,hypertension,2022-2024 pooled,local_moran,16,1.68961123005,0.0002,0.001925,hypertension|2022-2024 pooled|local_moran,low-low,True,True,f1a9b8ade1bf4ed1258b54f97dd78a8c710dc51cc03350053c99df59b2de7922,20260715,9999,conditional_focal_value_fixed_two_sided_centered,77,eligible_local_cluster_diagnostic,queen_weights_primary,direct_chm_spatial_frame,False
A7,Local spatial structure,hypertension,2022-2024 pooled,local_moran,17,0.00345467605566,0.5623,0.665710294118,hypertension|2022-2024 pooled|local_moran,low-low,False,False,f1a9b8ade1bf4ed1258b54f97dd78a8c710dc51cc03350053c99df59b2de7922,20260715,9999,conditional_focal_value_fixed_two_sided_centered,77,eligible_local_cluster_diagnostic,queen_weights_primary,direct_chm_spatial_frame,False
A7,Local spatial structure,hypertension,2022-2024 pooled,local_moran,18,-0.0111950967667,0.6443,0.70873,hypertension|2022-2024 pooled|local_moran,low-high,False,False,f1a9b8ade1bf4ed1258b54f97dd78a8c710dc51cc03350053c99df59b2de7922,20260715,9999,conditional_focal_value_fixed_two_sided_centered,77,eligible_local_cluster_diagnostic,queen_weights_primary,direct_chm_spatial_frame,False
A7,Local spatial structure,hypertension,2022-2024 pooled,local_moran,19,0.0194150123946,0.9144,0.9154,hypertension|2022-2024 pooled|local_moran,low-low,False,False,f1a9b8ade1bf4ed1258b54f97dd78a8c710dc51cc03350053c99df59b2de7922,20260715,9999,conditional_focal_value_fixed_two_sided_centered,77,eligible_local_cluster_diagnostic,queen_weights_primary,direct_chm_spatial_frame,False
A7,Local spatial structure,hypertension,2022-2024 pooled,local_moran,20,0.43550518879,0.0651,0.14322,hypertension|2022-2024 pooled|local_moran,low-low,False,False,f1a9b8ade1bf4ed1258b54f97dd78a8c710dc51cc03350053c99df59b2de7922,20260715,9999,conditional_focal_value_fixed_two_sided_centered,77,eligible_local_cluster_diagnostic,queen_weights_primary,direct_chm_spatial_frame,False
A7,Local spatial structure,hypertension,2022-2024 pooled,local_moran,21,2.00729286622,0.0012,0.0066,hypertension|2022-2024 pooled|local_moran,low-low,True,True,f1a9b8ade1bf4ed1258b54f97dd78a8c710dc51cc03350053c99df59b2de7922,20260715,9999,conditional_focal_value_fixed_two_sided_centered,77,eligible_local_cluster_diagnostic,queen_weights_primary,direct_chm_spatial_frame,False
A7,Local spatial structure,hypertension,2022-2024 pooled,local_moran,22,2.48092305084,0.0003,0.00256666666667,hypertension|2022-2024 pooled|local_moran,low-low,True,True,f1a9b8ade1bf4ed1258b54f97dd78a8c710dc51cc03350053c99df59b2de7922,20260715,9999,conditional_focal_value_fixed_two_sided_centered,77,eligible_local_cluster_diagnostic,queen_weights_primary,direct_chm_spatial_frame,False
A7,Local spatial structure,hypertension,2022-2024 pooled,local_moran,23,0.021790012493,0.6387,0.70873,hypertension|2022-2024 pooled|local_moran,low-low,False,False,f1a9b8ade1bf4ed1258b54f97dd78a8c710dc51cc03350053c99df59b2de7922,20260715,9999,conditional_focal_value_fixed_two_sided_centered,77,eligible_local_cluster_diagnostic,queen_weights_primary,direct_chm_spatial_frame,False
A7,Local spatial structure,hypertension,2022-2024 pooled,local_moran,24,1.27230810694,0.0633,0.14322,hypertension|2022-2024 pooled|local_moran,low-low,False,False,f1a9b8ade1bf4ed1258b54f97dd78a8c710dc51cc03350053c99df59b2de7922,20260715,9999,conditional_focal_value_fixed_two_sided_centered,77,eligible_local_cluster_diagnostic,queen_weights_primary,direct_chm_spatial_frame,False
A7,Local spatial structure,hypertension,2022-2024 pooled,local_moran,25,0.15203765844,0.7547,0.807109722222,hypertension|2022-2024 pooled|local_moran,high-high,False,False,f1a9b8ade1bf4ed1258b54f97dd78a8c710dc51cc03350053c99df59b2de7922,20260715,9999,conditional_focal_value_fixed_two_sided_centered,77,eligible_local_cluster_diagnostic,queen_weights_primary,direct_chm_spatial_frame,False
A7,Local spatial structure,hypertension,2022-2024 pooled,local_moran,26,0.990410084542,0.0903,0.187921621622,hypertension|2022-2024 pooled|local_moran,high-high,False,False,f1a9b8ade1bf4ed1258b54f97dd78a8c710dc51cc03350053c99df59b2de7922,20260715,9999,conditional_focal_value_fixed_two_sided_centered,77,eligible_local_cluster_diagnostic,queen_weights_primary,direct_chm_spatial_frame,False
A7,Local spatial structure,hypertension,2022-2024 pooled,local_moran,27,-0.103526244007,0.8461,0.880401351351,hypertension|2022-2024 pooled|local_moran,high-low,False,False,f1a9b8ade1bf4ed1258b54f97dd78a8c710dc51cc03350053c99df59b2de7922,20260715,9999,conditional_focal_value_fixed_two_sided_centered,77,eligible_local_cluster_diagnostic,queen_weights_primary,direct_chm_spatial_frame,False
A7,Local spatial structure,hypertension,2022-2024 pooled,local_moran,28,0.128539675794,0.5097,0.62129375,hypertension|2022-2024 pooled|local_moran,low-low,False,False,f1a9b8ade1bf4ed1258b54f97dd78a8c710dc51cc03350053c99df59b2de7922,20260715,9999,conditional_focal_value_fixed_two_sided_centered,77,eligible_local_cluster_diagnostic,queen_weights_primary,direct_chm_spatial_frame,False
A7,Local spatial structure,hypertension,2022-2024 pooled,local_moran,29,0.376111762002,0.2459,0.420762222222,hypertension|2022-2024 pooled|local_moran,high-high,False,False,f1a9b8ade1bf4ed1258b54f97dd78a8c710dc51cc03350053c99df59b2de7922,20260715,9999,conditional_focal_value_fixed_two_sided_centered,77,eligible_local_cluster_diagnostic,queen_weights_primary,direct_chm_spatial_frame,False
A7,Local spatial structure,hypertension,2022-2024 pooled,local_moran,30,0.00590353810618,0.5869,0.665710294118,hypertension|2022-2024 pooled|local_moran,low-low,False,False,f1a9b8ade1bf4ed1258b54f97dd78a8c710dc51cc03350053c99df59b2de7922,20260715,9999,conditional_focal_value_fixed_two_sided_centered,77,eligible_local_cluster_diagnostic,queen_weights_primary,direct_chm_spatial_frame,False
A7,Local spatial structure,hypertension,2022-2024 pooled,local_moran,31,0.0151127901801,0.9154,0.9154,hypertension|2022-2024 pooled|local_moran,low-low,False,False,f1a9b8ade1bf4ed1258b54f97dd78a8c710dc51cc03350053c99df59b2de7922,20260715,9999,conditional_focal_value_fixed_two_sided_centered,77,eligible_local_cluster_diagnostic,queen_weights_primary,direct_chm_spatial_frame,False
A7,Local spatial structure,hypertension,2022-2024 pooled,local_moran,32,0.599739418052,0.2172,0.388939534884,hypertension|2022-2024 pooled|local_moran,low-low,False,False,f1a9b8ade1bf4ed1258b54f97dd78a8c710dc51cc03350053c99df59b2de7922,20260715,9999,conditional_focal_value_fixed_two_sided_centered,77,eligible_local_cluster_diagnostic,queen_weights_primary,direct_chm_spatial_frame,False
A7,Local spatial structure,hypertension,2022-2024 pooled,local_moran,33,-0.0666257527939,0.8278,0.87315890411,hypertension|2022-2024 pooled|local_moran,low-high,False,False,f1a9b8ade1bf4ed1258b54f97dd78a8c710dc51cc03350053c99df59b2de7922,20260715,9999,conditional_focal_value_fixed_two_sided_centered,77,eligible_local_cluster_diagnostic,queen_weights_primary,direct_chm_spatial_frame,False
A7,Local spatial structure,hypertension,2022-2024 pooled,local_moran,34,0.223982112849,0.4806,0.606659016393,hypertension|2022-2024 pooled|local_moran,high-high,False,False,f1a9b8ade1bf4ed1258b54f97dd78a8c710dc51cc03350053c99df59b2de7922,20260715,9999,conditional_focal_value_fixed_two_sided_centered,77,eligible_local_cluster_diagnostic,queen_weights_primary,direct_chm_spatial_frame,False
A7,Local spatial structure,hypertension,2022-2024 pooled,local_moran,35,0.563304524718,0.3856,0.536838596491,hypertension|2022-2024 pooled|local_moran,high-high,False,False,f1a9b8ade1bf4ed1258b54f97dd78a8c710dc51cc03350053c99df59b2de7922,20260715,9999,conditional_focal_value_fixed_two_sided_centered,77,eligible_local_cluster_diagnostic,queen_weights_primary,direct_chm_spatial_frame,False
A7,Local spatial structure,hypertension,2022-2024 pooled,local_moran,36,0.500930998633,0.1131,0.229176315789,hypertension|2022-2024 pooled|local_moran,high-high,False,False,f1a9b8ade1bf4ed1258b54f97dd78a8c710dc51cc03350053c99df59b2de7922,20260715,9999,conditional_focal_value_fixed_two_sided_centered,77,eligible_local_cluster_diagnostic,queen_weights_primary,direct_chm_spatial_frame,False
A7,Local spatial structure,hypertension,2022-2024 pooled,local_moran,37,0.64998454374,0.1557,0.307407692308,hypertension|2022-2024 pooled|local_moran,high-high,False,False,f1a9b8ade1bf4ed1258b54f97dd78a8c710dc51cc03350053c99df59b2de7922,20260715,9999,conditional_focal_value_fixed_two_sided_centered,77,eligible_local_cluster_diagnostic,queen_weights_primary,direct_chm_spatial_frame,False
A7,Local spatial structure,hypertension,2022-2024 pooled,local_moran,38,0.627586218552,0.028,0.077275,hypertension|2022-2024 pooled|local_moran,high-high,True,False,f1a9b8ade1bf4ed1258b54f97dd78a8c710dc51cc03350053c99df59b2de7922,20260715,9999,conditional_focal_value_fixed_two_sided_centered,77,eligible_local_cluster_diagnostic,queen_weights_primary,direct_chm_spatial_frame,False
A7,Local spatial structure,hypertension,2022-2024 pooled,local_moran,39,0.289973454015,0.277,0.435285714286,hypertension|2022-2024 pooled|local_moran,high-high,False,False,f1a9b8ade1bf4ed1258b54f97dd78a8c710dc51cc03350053c99df59b2de7922,20260715,9999,conditional_focal_value_fixed_two_sided_centered,77,eligible_local_cluster_diagnostic,queen_weights_primary,direct_chm_spatial_frame,False
A7,Local spatial structure,hypertension,2022-2024 pooled,local_moran,40,0.40919149225,0.035,0.0898333333333,hypertension|2022-2024 pooled|local_moran,high-high,True,False,f1a9b8ade1bf4ed1258b54f97dd78a8c710dc51cc03350053c99df59b2de7922,20260715,9999,conditional_focal_value_fixed_two_sided_centered,77,eligible_local_cluster_diagnostic,queen_weights_primary,direct_chm_spatial_frame,False
A7,Local spatial structure,hypertension,2022-2024 pooled,local_moran,41,0.159676897463,0.2297,0.401975,hypertension|2022-2024 pooled|local_moran,high-high,False,False,f1a9b8ade1bf4ed1258b54f97dd78a8c710dc51cc03350053c99df59b2de7922,20260715,9999,conditional_focal_value_fixed_two_sided_centered,77,eligible_local_cluster_diagnostic,queen_weights_primary,direct_chm_spatial_frame,False
A7,Local spatial structure,hypertension,2022-2024 pooled,local_moran,42,0.341804359304,0.1657,0.3189725,hypertension|2022-2024 pooled|local_moran,high-high,False,False,f1a9b8ade1bf4ed1258b54f97dd78a8c710dc51cc03350053c99df59b2de7922,20260715,9999,conditional_focal_value_fixed_two_sided_centered,77,eligible_local_cluster_diagnostic,queen_weights_primary,direct_chm_spatial_frame,False
A7,Local spatial structure,hypertension,2022-2024 pooled,local_moran,43,1.08698482663,0.0265,0.077275,hypertension|2022-2024 pooled|local_moran,high-high,True,False,f1a9b8ade1bf4ed1258b54f97dd78a8c710dc51cc03350053c99df59b2de7922,20260715,9999,conditional_focal_value_fixed_two_sided_centered,77,eligible_local_cluster_diagnostic,queen_weights_primary,direct_chm_spatial_frame,False
A7,Local spatial structure,hypertension,2022-2024 pooled,local_moran,44,1.83869244617,0.0002,0.001925,hypertension|2022-2024 pooled|local_moran,high-high,True,True,f1a9b8ade1bf4ed1258b54f97dd78a8c710dc51cc03350053c99df59b2de7922,20260715,9999,conditional_focal_value_fixed_two_sided_centered,77,eligible_local_cluster_diagnostic,queen_weights_primary,direct_chm_spatial_frame,False
A7,Local spatial structure,hypertension,2022-2024 pooled,local_moran,45,1.97923040324,0.0007,0.0049,hypertension|2022-2024 pooled|local_moran,high-high,True,True,f1a9b8ade1bf4ed1258b54f97dd78a8c710dc51cc03350053c99df59b2de7922,20260715,9999,conditional_focal_value_fixed_two_sided_centered,77,eligible_local_cluster_diagnostic,queen_weights_primary,direct_chm_spatial_frame,False
A7,Local spatial structure,hypertension,2022-2024 pooled,local_moran,46,1.30853404998,0.0101,0.038885,hypertension|2022-2024 pooled|local_moran,high-high,True,True,f1a9b8ade1bf4ed1258b54f97dd78a8c710dc51cc03350053c99df59b2de7922,20260715,9999,conditional_focal_value_fixed_two_sided_centered,77,eligible_local_cluster_diagnostic,queen_weights_primary,direct_chm_spatial_frame,False
A7,Local spatial structure,hypertension,2022-2024 pooled,local_moran,47,1.51414323105,0.0002,0.001925,hypertension|2022-2024 pooled|local_moran,high-high,True,True,f1a9b8ade1bf4ed1258b54f97dd78a8c710dc51cc03350053c99df59b2de7922,20260715,9999,conditional_focal_value_fixed_two_sided_centered,77,eligible_local_cluster_diagnostic,queen_weights_primary,direct_chm_spatial_frame,False
A7,Local spatial structure,hypertension,2022-2024 pooled,local_moran,48,2.07083856086,0.001,0.00592307692308,hypertension|2022-2024 pooled|local_moran,high-high,True,True,f1a9b8ade1bf4ed1258b54f97dd78a8c710dc51cc03350053c99df59b2de7922,20260715,9999,conditional_focal_value_fixed_two_sided_centered,77,eligible_local_cluster_diagnostic,queen_weights_primary,direct_chm_spatial_frame,False
A7,Local spatial structure,hypertension,2022-2024 pooled,local_moran,49,1.50624752199,0.0006,0.00462,hypertension|2022-2024 pooled|local_moran,high-high,True,True,f1a9b8ade1bf4ed1258b54f97dd78a8c710dc51cc03350053c99df59b2de7922,20260715,9999,conditional_focal_value_fixed_two_sided_centered,77,eligible_local_cluster_diagnostic,queen_weights_primary,direct_chm_spatial_frame,False
A7,Local spatial structure,hypertension,2022-2024 pooled,local_moran,50,1.34919654599,0.0214,0.0686583333333,hypertension|2022-2024 pooled|local_moran,high-high,True,False,f1a9b8ade1bf4ed1258b54f97dd78a8c710dc51cc03350053c99df59b2de7922,20260715,9999,conditional_focal_value_fixed_two_sided_centered,77,eligible_local_cluster_diagnostic,queen_weights_primary,direct_chm_spatial_frame,False
A7,Local spatial structure,hypertension,2022-2024 pooled,local_moran,51,0.960298321934,0.0196,0.0656173913043,hypertension|2022-2024 pooled|local_moran,high-high,True,False,f1a9b8ade1bf4ed1258b54f97dd78a8c710dc51cc03350053c99df59b2de7922,20260715,9999,conditional_focal_value_fixed_two_sided_centered,77,eligible_local_cluster_diagnostic,queen_weights_primary,direct_chm_spatial_frame,False
A7,Local spatial structure,hypertension,2022-2024 pooled,local_moran,52,-0.0614142745949,0.1778,0.325966666667,hypertension|2022-2024 pooled|local_moran,low-high,False,False,f1a9b8ade1bf4ed1258b54f97dd78a8c710dc51cc03350053c99df59b2de7922,20260715,9999,conditional_focal_value_fixed_two_sided_centered,77,eligible_local_cluster_diagnostic,queen_weights_primary,direct_chm_spatial_frame,False
A7,Local spatial structure,hypertension,2022-2024 pooled,local_moran,53,1.28786082422,0.0539,0.128566666667,hypertension|2022-2024 pooled|local_moran,high-high,False,False,f1a9b8ade1bf4ed1258b54f97dd78a8c710dc51cc03350053c99df59b2de7922,20260715,9999,conditional_focal_value_fixed_two_sided_centered,77,eligible_local_cluster_diagnostic,queen_weights_primary,direct_chm_spatial_frame,False
A7,Local spatial structure,hypertension,2022-2024 pooled,local_moran,54,0.776549610414,0.0223,0.068684,hypertension|2022-2024 pooled|local_moran,high-high,True,False,f1a9b8ade1bf4ed1258b54f97dd78a8c710dc51cc03350053c99df59b2de7922,20260715,9999,conditional_focal_value_fixed_two_sided_centered,77,eligible_local_cluster_diagnostic,queen_weights_primary,direct_chm_spatial_frame,False
A7,Local spatial structure,hypertension,2022-2024 pooled,local_moran,55,-0.065838257787,0.277,0.435285714286,hypertension|2022-2024 pooled|local_moran,low-high,False,False,f1a9b8ade1bf4ed1258b54f97dd78a8c710dc51cc03350053c99df59b2de7922,20260715,9999,conditional_focal_value_fixed_two_sided_centered,77,eligible_local_cluster_diagnostic,queen_weights_primary,direct_chm_spatial_frame,False
A7,Local spatial structure,hypertension,2022-2024 pooled,local_moran,56,0.185718521061,0.3943,0.536838596491,hypertension|2022-2024 pooled|local_moran,low-low,False,False,f1a9b8ade1bf4ed1258b54f97dd78a8c710dc51cc03350053c99df59b2de7922,20260715,9999,conditional_focal_value_fixed_two_sided_centered,77,eligible_local_cluster_diagnostic,queen_weights_primary,direct_chm_spatial_frame,False
A7,Local spatial structure,hypertension,2022-2024 pooled,local_moran,57,0.206377353344,0.4375,0.570974576271,hypertension|2022-2024 pooled|local_moran,low-low,False,False,f1a9b8ade1bf4ed1258b54f97dd78a8c710dc51cc03350053c99df59b2de7922,20260715,9999,conditional_focal_value_fixed_two_sided_centered,77,eligible_local_cluster_diagnostic,queen_weights_primary,direct_chm_spatial_frame,False
A7,Local spatial structure,hypertension,2022-2024 pooled,local_moran,58,0.146592569346,0.3744,0.536838596491,hypertension|2022-2024 pooled|local_moran,low-low,False,False,f1a9b8ade1bf4ed1258b54f97dd78a8c710dc51cc03350053c99df59b2de7922,20260715,9999,conditional_focal_value_fixed_two_sided_centered,77,eligible_local_cluster_diagnostic,queen_weights_primary,direct_chm_spatial_frame,False
A7,Local spatial structure,hypertension,2022-2024 pooled,local_moran,59,0.0469293795264,0.6837,0.741477464789,hypertension|2022-2024 pooled|local_moran,low-low,False,False,f1a9b8ade1bf4ed1258b54f97dd78a8c710dc51cc03350053c99df59b2de7922,20260715,9999,conditional_focal_value_fixed_two_sided_centered,77,eligible_local_cluster_diagnostic,queen_weights_primary,direct_chm_spatial_frame,False
A7,Local spatial structure,hypertension,2022-2024 pooled,local_moran,60,-0.0149496507345,0.5079,0.62129375,hypertension|2022-2024 pooled|local_moran,low-high,False,False,f1a9b8ade1bf4ed1258b54f97dd78a8c710dc51cc03350053c99df59b2de7922,20260715,9999,conditional_focal_value_fixed_two_sided_centered,77,eligible_local_cluster_diagnostic,queen_weights_primary,direct_chm_spatial_frame,False
A7,Local spatial structure,hypertension,2022-2024 pooled,local_moran,61,0.00325939955383,0.435,0.570974576271,hypertension|2022-2024 pooled|local_moran,high-high,False,False,f1a9b8ade1bf4ed1258b54f97dd78a8c710dc51cc03350053c99df59b2de7922,20260715,9999,conditional_focal_value_fixed_two_sided_centered,77,eligible_local_cluster_diagnostic,queen_weights_primary,direct_chm_spatial_frame,False
A7,Local spatial structure,hypertension,2022-2024 pooled,local_moran,62,0.270621645712,0.2577,0.431367391304,hypertension|2022-2024 pooled|local_moran,low-low,False,False,f1a9b8ade1bf4ed1258b54f97dd78a8c710dc51cc03350053c99df59b2de7922,20260715,9999,conditional_focal_value_fixed_two_sided_centered,77,eligible_local_cluster_diagnostic,queen_weights_primary,direct_chm_spatial_frame,False
A7,Local spatial structure,hypertension,2022-2024 pooled,local_moran,63,0.0223291523631,0.8855,0.909113333333,hypertension|2022-2024 pooled|local_moran,low-low,False,False,f1a9b8ade1bf4ed1258b54f97dd78a8c710dc51cc03350053c99df59b2de7922,20260715,9999,conditional_focal_value_fixed_two_sided_centered,77,eligible_local_cluster_diagnostic,queen_weights_primary,direct_chm_spatial_frame,False
A7,Local spatial structure,hypertension,2022-2024 pooled,local_moran,64,0.167973654493,0.3974,0.536838596491,hypertension|2022-2024 pooled|local_moran,low-low,False,False,f1a9b8ade1bf4ed1258b54f97dd78a8c710dc51cc03350053c99df59b2de7922,20260715,9999,conditional_focal_value_fixed_two_sided_centered,77,eligible_local_cluster_diagnostic,queen_weights_primary,direct_chm_spatial_frame,False
A7,Local spatial structure,hypertension,2022-2024 pooled,local_moran,65,0.085453285489,0.5807,0.665710294118,hypertension|2022-2024 pooled|local_moran,low-low,False,False,f1a9b8ade1bf4ed1258b54f97dd78a8c710dc51cc03350053c99df59b2de7922,20260715,9999,conditional_focal_value_fixed_two_sided_centered,77,eligible_local_cluster_diagnostic,queen_weights_primary,direct_chm_spatial_frame,False
A7,Local spatial structure,hypertension,2022-2024 pooled,local_moran,66,0.0507078804645,0.3938,0.536838596491,hypertension|2022-2024 pooled|local_moran,high-high,False,False,f1a9b8ade1bf4ed1258b54f97dd78a8c710dc51cc03350053c99df59b2de7922,20260715,9999,conditional_focal_value_fixed_two_sided_centered,77,eligible_local_cluster_diagnostic,queen_weights_primary,direct_chm_spatial_frame,False
A7,Local spatial structure,hypertension,2022-2024 pooled,local_moran,67,0.397668934157,0.3691,0.536838596491,hypertension|2022-2024 pooled|local_moran,high-high,False,False,f1a9b8ade1bf4ed1258b54f97dd78a8c710dc51cc03350053c99df59b2de7922,20260715,9999,conditional_focal_value_fixed_two_sided_centered,77,eligible_local_cluster_diagnostic,queen_weights_primary,direct_chm_spatial_frame,False
A7,Local spatial structure,hypertension,2022-2024 pooled,local_moran,68,0.862246354015,0.0281,0.077275,hypertension|2022-2024 pooled|local_moran,high-high,True,False,f1a9b8ade1bf4ed1258b54f97dd78a8c710dc51cc03350053c99df59b2de7922,20260715,9999,conditional_focal_value_fixed_two_sided_centered,77,eligible_local_cluster_diagnostic,queen_weights_primary,direct_chm_spatial_frame,False
A7,Local spatial structure,hypertension,2022-2024 pooled,local_moran,69,1.00699490727,0.0021,0.01078,hypertension|2022-2024 pooled|local_moran,high-high,True,True,f1a9b8ade1bf4ed1258b54f97dd78a8c710dc51cc03350053c99df59b2de7922,20260715,9999,conditional_focal_value_fixed_two_sided_centered,77,eligible_local_cluster_diagnostic,queen_weights_primary,direct_chm_spatial_frame,False
A7,Local spatial structure,hypertension,2022-2024 pooled,local_moran,70,0.155379260577,0.5164,0.62129375,hypertension|2022-2024 pooled|local_moran,high-high,False,False,f1a9b8ade1bf4ed1258b54f97dd78a8c710dc51cc03350053c99df59b2de7922,20260715,9999,conditional_focal_value_fixed_two_sided_centered,77,eligible_local_cluster_diagnostic,queen_weights_primary,direct_chm_spatial_frame,False
A7,Local spatial structure,hypertension,2022-2024 pooled,local_moran,71,1.06609730232,0.0041,0.0185705882353,hypertension|2022-2024 pooled|local_moran,high-high,True,True,f1a9b8ade1bf4ed1258b54f97dd78a8c710dc51cc03350053c99df59b2de7922,20260715,9999,conditional_focal_value_fixed_two_sided_centered,77,eligible_local_cluster_diagnostic,queen_weights_primary,direct_chm_spatial_frame,False
A7,Local spatial structure,hypertension,2022-2024 pooled,local_moran,72,0.242491460173,0.0672,0.143733333333,hypertension|2022-2024 pooled|local_moran,high-high,False,False,f1a9b8ade1bf4ed1258b54f97dd78a8c710dc51cc03350053c99df59b2de7922,20260715,9999,conditional_focal_value_fixed_two_sided_centered,77,eligible_local_cluster_diagnostic,queen_weights_primary,direct_chm_spatial_frame,False
A7,Local spatial structure,hypertension,2022-2024 pooled,local_moran,73,1.07958014373,0.0427,0.106061290323,hypertension|2022-2024 pooled|local_moran,high-high,True,False,f1a9b8ade1bf4ed1258b54f97dd78a8c710dc51cc03350053c99df59b2de7922,20260715,9999,conditional_focal_value_fixed_two_sided_centered,77,eligible_local_cluster_diagnostic,queen_weights_primary,direct_chm_spatial_frame,False
A7,Local spatial structure,hypertension,2022-2024 pooled,local_moran,74,0.0972062826771,0.3546,0.535376470588,hypertension|2022-2024 pooled|local_moran,high-high,False,False,f1a9b8ade1bf4ed1258b54f97dd78a8c710dc51cc03350053c99df59b2de7922,20260715,9999,conditional_focal_value_fixed_two_sided_centered,77,eligible_local_cluster_diagnostic,queen_weights_primary,direct_chm_spatial_frame,False
A7,Local spatial structure,hypertension,2022-2024 pooled,local_moran,75,0.856371873553,0.0551,0.128566666667,hypertension|2022-2024 pooled|local_moran,high-high,False,False,f1a9b8ade1bf4ed1258b54f97dd78a8c710dc51cc03350053c99df59b2de7922,20260715,9999,conditional_focal_value_fixed_two_sided_centered,77,eligible_local_cluster_diagnostic,queen_weights_primary,direct_chm_spatial_frame,False
A7,Local spatial structure,hypertension,2022-2024 pooled,local_moran,76,-0.0931242720182,0.5879,0.665710294118,hypertension|2022-2024 pooled|local_moran,high-low,False,False,f1a9b8ade1bf4ed1258b54f97dd78a8c710dc51cc03350053c99df59b2de7922,20260715,9999,conditional_focal_value_fixed_two_sided_centered,77,eligible_local_cluster_diagnostic,queen_weights_primary,direct_chm_spatial_frame,False
A7,Local spatial structure,hypertension,2022-2024 pooled,local_moran,77,0.9950160786,0.0035,0.01684375,hypertension|2022-2024 pooled|local_moran,low-low,True,True,f1a9b8ade1bf4ed1258b54f97dd78a8c710dc51cc03350053c99df59b2de7922,20260715,9999,conditional_focal_value_fixed_two_sided_centered,77,eligible_local_cluster_diagnostic,queen_weights_primary,direct_chm_spatial_frame,False
A7,Local spatial structure,hypertension,2022-2024 pooled,getis_ord_gi_star,01,-1.7106678531,0.2836,0.448171428571,hypertension|2022-2024 pooled|getis_ord_gi_star,low,False,False,f1a9b8ade1bf4ed1258b54f97dd78a8c710dc51cc03350053c99df59b2de7922,20260715,9999,conditional_focal_value_fixed_two_sided_centered,77,eligible_local_cluster_diagnostic,queen_weights_primary,direct_chm_spatial_frame,False
A7,Local spatial structure,hypertension,2022-2024 pooled,getis_ord_gi_star,02,-2.52987951457,0.012,0.044,hypertension|2022-2024 pooled|getis_ord_gi_star,low,True,True,f1a9b8ade1bf4ed1258b54f97dd78a8c710dc51cc03350053c99df59b2de7922,20260715,9999,conditional_focal_value_fixed_two_sided_centered,77,eligible_local_cluster_diagnostic,queen_weights_primary,direct_chm_spatial_frame,False
A7,Local spatial structure,hypertension,2022-2024 pooled,getis_ord_gi_star,03,-3.63356478794,0.0002,0.001925,hypertension|2022-2024 pooled|getis_ord_gi_star,low,True,True,f1a9b8ade1bf4ed1258b54f97dd78a8c710dc51cc03350053c99df59b2de7922,20260715,9999,conditional_focal_value_fixed_two_sided_centered,77,eligible_local_cluster_diagnostic,queen_weights_primary,direct_chm_spatial_frame,False
A7,Local spatial structure,hypertension,2022-2024 pooled,getis_ord_gi_star,04,-4.263203638,0.0001,0.00128333333333,hypertension|2022-2024 pooled|getis_ord_gi_star,low,True,True,f1a9b8ade1bf4ed1258b54f97dd78a8c710dc51cc03350053c99df59b2de7922,20260715,9999,conditional_focal_value_fixed_two_sided_centered,77,eligible_local_cluster_diagnostic,queen_weights_primary,direct_chm_spatial_frame,False
A7,Local spatial structure,hypertension,2022-2024 pooled,getis_ord_gi_star,05,-5.28567246486,0.0001,0.00128333333333,hypertension|2022-2024 pooled|getis_ord_gi_star,low,True,True,f1a9b8ade1bf4ed1258b54f97dd78a8c710dc51cc03350053c99df59b2de7922,20260715,9999,conditional_focal_value_fixed_two_sided_centered,77,eligible_local_cluster_diagnostic,queen_weights_primary,direct_chm_spatial_frame,False
A7,Local spatial structure,hypertension,2022-2024 pooled,getis_ord_gi_star,06,-4.13817266568,0.0001,0.00128333333333,hypertension|2022-2024 pooled|getis_ord_gi_star,low,True,True,f1a9b8ade1bf4ed1258b54f97dd78a8c710dc51cc03350053c99df59b2de7922,20260715,9999,conditional_focal_value_fixed_two_sided_centered,77,eligible_local_cluster_diagnostic,queen_weights_primary,direct_chm_spatial_frame,False
A7,Local spatial structure,hypertension,2022-2024 pooled,getis_ord_gi_star,07,-4.40458069398,0.0001,0.00128333333333,hypertension|2022-2024 pooled|getis_ord_gi_star,low,True,True,f1a9b8ade1bf4ed1258b54f97dd78a8c710dc51cc03350053c99df59b2de7922,20260715,9999,conditional_focal_value_fixed_two_sided_centered,77,eligible_local_cluster_diagnostic,queen_weights_primary,direct_chm_spatial_frame,False
A7,Local spatial structure,hypertension,2022-2024 pooled,getis_ord_gi_star,08,-2.73230347138,0.0046,0.0208352941176,hypertension|2022-2024 pooled|getis_ord_gi_star,low,True,True,f1a9b8ade1bf4ed1258b54f97dd78a8c710dc51cc03350053c99df59b2de7922,20260715,9999,conditional_focal_value_fixed_two_sided_centered,77,eligible_local_cluster_diagnostic,queen_weights_primary,direct_chm_spatial_frame,False
A7,Local spatial structure,hypertension,2022-2024 pooled,getis_ord_gi_star,09,-1.09418269501,0.5113,0.6259,hypertension|2022-2024 pooled|getis_ord_gi_star,low,False,False,f1a9b8ade1bf4ed1258b54f97dd78a8c710dc51cc03350053c99df59b2de7922,20260715,9999,conditional_focal_value_fixed_two_sided_centered,77,eligible_local_cluster_diagnostic,queen_weights_primary,direct_chm_spatial_frame,False
A7,Local spatial structure,hypertension,2022-2024 pooled,getis_ord_gi_star,10,-1.23061288245,0.3424,0.525080769231,hypertension|2022-2024 pooled|getis_ord_gi_star,low,False,False,f1a9b8ade1bf4ed1258b54f97dd78a8c710dc51cc03350053c99df59b2de7922,20260715,9999,conditional_focal_value_fixed_two_sided_centered,77,eligible_local_cluster_diagnostic,queen_weights_primary,direct_chm_spatial_frame,False
A7,Local spatial structure,hypertension,2022-2024 pooled,getis_ord_gi_star,11,-1.51413069341,0.1567,0.294290243902,hypertension|2022-2024 pooled|getis_ord_gi_star,low,False,False,f1a9b8ade1bf4ed1258b54f97dd78a8c710dc51cc03350053c99df59b2de7922,20260715,9999,conditional_focal_value_fixed_two_sided_centered,77,eligible_local_cluster_diagnostic,queen_weights_primary,direct_chm_spatial_frame,False
A7,Local spatial structure,hypertension,2022-2024 pooled,getis_ord_gi_star,12,-2.5274012265,0.0145,0.05075,hypertension|2022-2024 pooled|getis_ord_gi_star,low,True,False,f1a9b8ade1bf4ed1258b54f97dd78a8c710dc51cc03350053c99df59b2de7922,20260715,9999,conditional_focal_value_fixed_two_sided_centered,77,eligible_local_cluster_diagnostic,queen_weights_primary,direct_chm_spatial_frame,False
A7,Local spatial structure,hypertension,2022-2024 pooled,getis_ord_gi_star,13,-2.56581269194,0.009,0.03465,hypertension|2022-2024 pooled|getis_ord_gi_star,low,True,True,f1a9b8ade1bf4ed1258b54f97dd78a8c710dc51cc03350053c99df59b2de7922,20260715,9999,conditional_focal_value_fixed_two_sided_centered,77,eligible_local_cluster_diagnostic,queen_weights_primary,direct_chm_spatial_frame,False
A7,Local spatial structure,hypertension,2022-2024 pooled,getis_ord_gi_star,14,-3.57002010995,0.0004,0.00308,hypertension|2022-2024 pooled|getis_ord_gi_star,low,True,True,f1a9b8ade1bf4ed1258b54f97dd78a8c710dc51cc03350053c99df59b2de7922,20260715,9999,conditional_focal_value_fixed_two_sided_centered,77,eligible_local_cluster_diagnostic,queen_weights_primary,direct_chm_spatial_frame,False
A7,Local spatial structure,hypertension,2022-2024 pooled,getis_ord_gi_star,15,-2.30090450055,0.0282,0.0793896551724,hypertension|2022-2024 pooled|getis_ord_gi_star,low,True,False,f1a9b8ade1bf4ed1258b54f97dd78a8c710dc51cc03350053c99df59b2de7922,20260715,9999,conditional_focal_value_fixed_two_sided_centered,77,eligible_local_cluster_diagnostic,queen_weights_primary,direct_chm_spatial_frame,False
A7,Local spatial structure,hypertension,2022-2024 pooled,getis_ord_gi_star,16,-3.85890904319,0.0003,0.00256666666667,hypertension|2022-2024 pooled|getis_ord_gi_star,low,True,True,f1a9b8ade1bf4ed1258b54f97dd78a8c710dc51cc03350053c99df59b2de7922,20260715,9999,conditional_focal_value_fixed_two_sided_centered,77,eligible_local_cluster_diagnostic,queen_weights_primary,direct_chm_spatial_frame,False
A7,Local spatial structure,hypertension,2022-2024 pooled,getis_ord_gi_star,17,-0.554606756683,0.5598,0.663147692308,hypertension|2022-2024 pooled|getis_ord_gi_star,low,False,False,f1a9b8ade1bf4ed1258b54f97dd78a8c710dc51cc03350053c99df59b2de7922,20260715,9999,conditional_focal_value_fixed_two_sided_centered,77,eligible_local_cluster_diagnostic,queen_weights_primary,direct_chm_spatial_frame,False
A7,Local spatial structure,hypertension,2022-2024 pooled,getis_ord_gi_star,18,0.404752097535,0.6276,0.700365217391,hypertension|2022-2024 pooled|getis_ord_gi_star,high,False,False,f1a9b8ade1bf4ed1258b54f97dd78a8c710dc51cc03350053c99df59b2de7922,20260715,9999,conditional_focal_value_fixed_two_sided_centered,77,eligible_local_cluster_diagnostic,queen_weights_primary,direct_chm_spatial_frame,False
A7,Local spatial structure,hypertension,2022-2024 pooled,getis_ord_gi_star,19,-0.310404958951,0.9106,0.9106,hypertension|2022-2024 pooled|getis_ord_gi_star,low,False,False,f1a9b8ade1bf4ed1258b54f97dd78a8c710dc51cc03350053c99df59b2de7922,20260715,9999,conditional_focal_value_fixed_two_sided_centered,77,eligible_local_cluster_diagnostic,queen_weights_primary,direct_chm_spatial_frame,False
A7,Local spatial structure,hypertension,2022-2024 pooled,getis_ord_gi_star,20,-1.94961112162,0.0684,0.1463,hypertension|2022-2024 pooled|getis_ord_gi_star,low,False,False,f1a9b8ade1bf4ed1258b54f97dd78a8c710dc51cc03350053c99df59b2de7922,20260715,9999,conditional_focal_value_fixed_two_sided_centered,77,eligible_local_cluster_diagnostic,queen_weights_primary,direct_chm_spatial_frame,False
A7,Local spatial structure,hypertension,2022-2024 pooled,getis_ord_gi_star,21,-3.35946334779,0.0009,0.00533076923077,hypertension|2022-2024 pooled|getis_ord_gi_star,low,True,True,f1a9b8ade1bf4ed1258b54f97dd78a8c710dc51cc03350053c99df59b2de7922,20260715,9999,conditional_focal_value_fixed_two_sided_centered,77,eligible_local_cluster_diagnostic,queen_weights_primary,direct_chm_spatial_frame,False
A7,Local spatial structure,hypertension,2022-2024 pooled,getis_ord_gi_star,22,-3.86837996539,0.0002,0.001925,hypertension|2022-2024 pooled|getis_ord_gi_star,low,True,True,f1a9b8ade1bf4ed1258b54f97dd78a8c710dc51cc03350053c99df59b2de7922,20260715,9999,conditional_focal_value_fixed_two_sided_centered,77,eligible_local_cluster_diagnostic,queen_weights_primary,direct_chm_spatial_frame,False
A7,Local spatial structure,hypertension,2022-2024 pooled,getis_ord_gi_star,23,-0.49569411606,0.6546,0.72006,hypertension|2022-2024 pooled|getis_ord_gi_star,low,False,False,f1a9b8ade1bf4ed1258b54f97dd78a8c710dc51cc03350053c99df59b2de7922,20260715,9999,conditional_focal_value_fixed_two_sided_centered,77,eligible_local_cluster_diagnostic,queen_weights_primary,direct_chm_spatial_frame,False
A7,Local spatial structure,hypertension,2022-2024 pooled,getis_ord_gi_star,24,-2.36352954032,0.0602,0.136335294118,hypertension|2022-2024 pooled|getis_ord_gi_star,low,False,False,f1a9b8ade1bf4ed1258b54f97dd78a8c710dc51cc03350053c99df59b2de7922,20260715,9999,conditional_focal_value_fixed_two_sided_centered,77,eligible_local_cluster_diagnostic,queen_weights_primary,direct_chm_spatial_frame,False
A7,Local spatial structure,hypertension,2022-2024 pooled,getis_ord_gi_star,25,0.815789647369,0.7593,0.812029166667,hypertension|2022-2024 pooled|getis_ord_gi_star,high,False,False,f1a9b8ade1bf4ed1258b54f97dd78a8c710dc51cc03350053c99df59b2de7922,20260715,9999,conditional_focal_value_fixed_two_sided_centered,77,eligible_local_cluster_diagnostic,queen_weights_primary,direct_chm_spatial_frame,False
A7,Local spatial structure,hypertension,2022-2024 pooled,getis_ord_gi_star,26,2.04221693461,0.0863,0.179597297297,hypertension|2022-2024 pooled|getis_ord_gi_star,high,False,False,f1a9b8ade1bf4ed1258b54f97dd78a8c710dc51cc03350053c99df59b2de7922,20260715,9999,conditional_focal_value_fixed_two_sided_centered,77,eligible_local_cluster_diagnostic,queen_weights_primary,direct_chm_spatial_frame,False
A7,Local spatial structure,hypertension,2022-2024 pooled,getis_ord_gi_star,27,0.252370982713,0.8587,0.893512162162,hypertension|2022-2024 pooled|getis_ord_gi_star,high,False,False,f1a9b8ade1bf4ed1258b54f97dd78a8c710dc51cc03350053c99df59b2de7922,20260715,9999,conditional_focal_value_fixed_two_sided_centered,77,eligible_local_cluster_diagnostic,queen_weights_primary,direct_chm_spatial_frame,False
A7,Local spatial structure,hypertension,2022-2024 pooled,getis_ord_gi_star,28,-0.8285592131,0.507,0.6259,hypertension|2022-2024 pooled|getis_ord_gi_star,low,False,False,f1a9b8ade1bf4ed1258b54f97dd78a8c710dc51cc03350053c99df59b2de7922,20260715,9999,conditional_focal_value_fixed_two_sided_centered,77,eligible_local_cluster_diagnostic,queen_weights_primary,direct_chm_spatial_frame,False
A7,Local spatial structure,hypertension,2022-2024 pooled,getis_ord_gi_star,29,1.40406084707,0.2432,0.416142222222,hypertension|2022-2024 pooled|getis_ord_gi_star,high,False,False,f1a9b8ade1bf4ed1258b54f97dd78a8c710dc51cc03350053c99df59b2de7922,20260715,9999,conditional_focal_value_fixed_two_sided_centered,77,eligible_local_cluster_diagnostic,queen_weights_primary,direct_chm_spatial_frame,False
A7,Local spatial structure,hypertension,2022-2024 pooled,getis_ord_gi_star,30,-0.521351821681,0.5987,0.677939705882,hypertension|2022-2024 pooled|getis_ord_gi_star,low,False,False,f1a9b8ade1bf4ed1258b54f97dd78a8c710dc51cc03350053c99df59b2de7922,20260715,9999,conditional_focal_value_fixed_two_sided_centered,77,eligible_local_cluster_diagnostic,queen_weights_primary,direct_chm_spatial_frame,False
A7,Local spatial structure,hypertension,2022-2024 pooled,getis_ord_gi_star,31,-0.247261000803,0.8905,0.902521052632,hypertension|2022-2024 pooled|getis_ord_gi_star,low,False,False,f1a9b8ade1bf4ed1258b54f97dd78a8c710dc51cc03350053c99df59b2de7922,20260715,9999,conditional_focal_value_fixed_two_sided_centered,77,eligible_local_cluster_diagnostic,queen_weights_primary,direct_chm_spatial_frame,False
A7,Local spatial structure,hypertension,2022-2024 pooled,getis_ord_gi_star,32,-1.50178998705,0.23,0.411860465116,hypertension|2022-2024 pooled|getis_ord_gi_star,low,False,False,f1a9b8ade1bf4ed1258b54f97dd78a8c710dc51cc03350053c99df59b2de7922,20260715,9999,conditional_focal_value_fixed_two_sided_centered,77,eligible_local_cluster_diagnostic,queen_weights_primary,direct_chm_spatial_frame,False
A7,Local spatial structure,hypertension,2022-2024 pooled,getis_ord_gi_star,33,-0.0813617492581,0.8398,0.885816438356,hypertension|2022-2024 pooled|getis_ord_gi_star,low,False,False,f1a9b8ade1bf4ed1258b54f97dd78a8c710dc51cc03350053c99df59b2de7922,20260715,9999,conditional_focal_value_fixed_two_sided_centered,77,eligible_local_cluster_diagnostic,queen_weights_primary,direct_chm_spatial_frame,False
A7,Local spatial structure,hypertension,2022-2024 pooled,getis_ord_gi_star,34,0.973930084338,0.487,0.624983333333,hypertension|2022-2024 pooled|getis_ord_gi_star,high,False,False,f1a9b8ade1bf4ed1258b54f97dd78a8c710dc51cc03350053c99df59b2de7922,20260715,9999,conditional_focal_value_fixed_two_sided_centered,77,eligible_local_cluster_diagnostic,queen_weights_primary,direct_chm_spatial_frame,False
A7,Local spatial structure,hypertension,2022-2024 pooled,getis_ord_gi_star,35,1.38186675583,0.4093,0.552914035088,hypertension|2022-2024 pooled|getis_ord_gi_star,high,False,False,f1a9b8ade1bf4ed1258b54f97dd78a8c710dc51cc03350053c99df59b2de7922,20260715,9999,conditional_focal_value_fixed_two_sided_centered,77,eligible_local_cluster_diagnostic,queen_weights_primary,direct_chm_spatial_frame,False
A7,Local spatial structure,hypertension,2022-2024 pooled,getis_ord_gi_star,36,1.68637421283,0.1074,0.217626315789,hypertension|2022-2024 pooled|getis_ord_gi_star,high,False,False,f1a9b8ade1bf4ed1258b54f97dd78a8c710dc51cc03350053c99df59b2de7922,20260715,9999,conditional_focal_value_fixed_two_sided_centered,77,eligible_local_cluster_diagnostic,queen_weights_primary,direct_chm_spatial_frame,False
A7,Local spatial structure,hypertension,2022-2024 pooled,getis_ord_gi_star,37,1.75879797361,0.1554,0.294290243902,hypertension|2022-2024 pooled|getis_ord_gi_star,high,False,False,f1a9b8ade1bf4ed1258b54f97dd78a8c710dc51cc03350053c99df59b2de7922,20260715,9999,conditional_focal_value_fixed_two_sided_centered,77,eligible_local_cluster_diagnostic,queen_weights_primary,direct_chm_spatial_frame,False
A7,Local spatial structure,hypertension,2022-2024 pooled,getis_ord_gi_star,38,2.3095552331,0.0299,0.0793896551724,hypertension|2022-2024 pooled|getis_ord_gi_star,high,True,False,f1a9b8ade1bf4ed1258b54f97dd78a8c710dc51cc03350053c99df59b2de7922,20260715,9999,conditional_focal_value_fixed_two_sided_centered,77,eligible_local_cluster_diagnostic,queen_weights_primary,direct_chm_spatial_frame,False
A7,Local spatial structure,hypertension,2022-2024 pooled,getis_ord_gi_star,39,1.24075131641,0.2729,0.447091489362,hypertension|2022-2024 pooled|getis_ord_gi_star,high,False,False,f1a9b8ade1bf4ed1258b54f97dd78a8c710dc51cc03350053c99df59b2de7922,20260715,9999,conditional_focal_value_fixed_two_sided_centered,77,eligible_local_cluster_diagnostic,queen_weights_primary,direct_chm_spatial_frame,False
A7,Local spatial structure,hypertension,2022-2024 pooled,getis_ord_gi_star,40,2.16732452202,0.0352,0.0903466666667,hypertension|2022-2024 pooled|getis_ord_gi_star,high,True,False,f1a9b8ade1bf4ed1258b54f97dd78a8c710dc51cc03350053c99df59b2de7922,20260715,9999,conditional_focal_value_fixed_two_sided_centered,77,eligible_local_cluster_diagnostic,queen_weights_primary,direct_chm_spatial_frame,False
A7,Local spatial structure,hypertension,2022-2024 pooled,getis_ord_gi_star,41,1.21708743562,0.2366,0.41405,hypertension|2022-2024 pooled|getis_ord_gi_star,high,False,False,f1a9b8ade1bf4ed1258b54f97dd78a8c710dc51cc03350053c99df59b2de7922,20260715,9999,conditional_focal_value_fixed_two_sided_centered,77,eligible_local_cluster_diagnostic,queen_weights_primary,direct_chm_spatial_frame,False
A7,Local spatial structure,hypertension,2022-2024 pooled,getis_ord_gi_star,42,1.50130288305,0.154,0.294290243902,hypertension|2022-2024 pooled|getis_ord_gi_star,high,False,False,f1a9b8ade1bf4ed1258b54f97dd78a8c710dc51cc03350053c99df59b2de7922,20260715,9999,conditional_focal_value_fixed_two_sided_centered,77,eligible_local_cluster_diagnostic,queen_weights_primary,direct_chm_spatial_frame,False
A7,Local spatial structure,hypertension,2022-2024 pooled,getis_ord_gi_star,43,2.44480795862,0.0236,0.0698923076923,hypertension|2022-2024 pooled|getis_ord_gi_star,high,True,False,f1a9b8ade1bf4ed1258b54f97dd78a8c710dc51cc03350053c99df59b2de7922,20260715,9999,conditional_focal_value_fixed_two_sided_centered,77,eligible_local_cluster_diagnostic,queen_weights_primary,direct_chm_spatial_frame,False
A7,Local spatial structure,hypertension,2022-2024 pooled,getis_ord_gi_star,44,3.63264255605,0.0006,0.0042,hypertension|2022-2024 pooled|getis_ord_gi_star,high,True,True,f1a9b8ade1bf4ed1258b54f97dd78a8c710dc51cc03350053c99df59b2de7922,20260715,9999,conditional_focal_value_fixed_two_sided_centered,77,eligible_local_cluster_diagnostic,queen_weights_primary,direct_chm_spatial_frame,False
A7,Local spatial structure,hypertension,2022-2024 pooled,getis_ord_gi_star,45,3.51078107009,0.001,0.0055,hypertension|2022-2024 pooled|getis_ord_gi_star,high,True,True,f1a9b8ade1bf4ed1258b54f97dd78a8c710dc51cc03350053c99df59b2de7922,20260715,9999,conditional_focal_value_fixed_two_sided_centered,77,eligible_local_cluster_diagnostic,queen_weights_primary,direct_chm_spatial_frame,False
A7,Local spatial structure,hypertension,2022-2024 pooled,getis_ord_gi_star,46,2.76367766067,0.0079,0.0320157894737,hypertension|2022-2024 pooled|getis_ord_gi_star,high,True,True,f1a9b8ade1bf4ed1258b54f97dd78a8c710dc51cc03350053c99df59b2de7922,20260715,9999,conditional_focal_value_fixed_two_sided_centered,77,eligible_local_cluster_diagnostic,queen_weights_primary,direct_chm_spatial_frame,False
A7,Local spatial structure,hypertension,2022-2024 pooled,getis_ord_gi_star,47,3.71581477798,0.0001,0.00128333333333,hypertension|2022-2024 pooled|getis_ord_gi_star,high,True,True,f1a9b8ade1bf4ed1258b54f97dd78a8c710dc51cc03350053c99df59b2de7922,20260715,9999,conditional_focal_value_fixed_two_sided_centered,77,eligible_local_cluster_diagnostic,queen_weights_primary,direct_chm_spatial_frame,False
A7,Local spatial structure,hypertension,2022-2024 pooled,getis_ord_gi_star,48,3.42801943807,0.0008,0.00513333333333,hypertension|2022-2024 pooled|getis_ord_gi_star,high,True,True,f1a9b8ade1bf4ed1258b54f97dd78a8c710dc51cc03350053c99df59b2de7922,20260715,9999,conditional_focal_value_fixed_two_sided_centered,77,eligible_local_cluster_diagnostic,queen_weights_primary,direct_chm_spatial_frame,False
A7,Local spatial structure,hypertension,2022-2024 pooled,getis_ord_gi_star,49,3.68619290931,0.0001,0.00128333333333,hypertension|2022-2024 pooled|getis_ord_gi_star,high,True,True,f1a9b8ade1bf4ed1258b54f97dd78a8c710dc51cc03350053c99df59b2de7922,20260715,9999,conditional_focal_value_fixed_two_sided_centered,77,eligible_local_cluster_diagnostic,queen_weights_primary,direct_chm_spatial_frame,False
A7,Local spatial structure,hypertension,2022-2024 pooled,getis_ord_gi_star,50,2.57772787378,0.0189,0.0612791666667,hypertension|2022-2024 pooled|getis_ord_gi_star,high,True,False,f1a9b8ade1bf4ed1258b54f97dd78a8c710dc51cc03350053c99df59b2de7922,20260715,9999,conditional_focal_value_fixed_two_sided_centered,77,eligible_local_cluster_diagnostic,queen_weights_primary,direct_chm_spatial_frame,False
A7,Local spatial structure,hypertension,2022-2024 pooled,getis_ord_gi_star,51,2.56947871335,0.0191,0.0612791666667,hypertension|2022-2024 pooled|getis_ord_gi_star,high,True,False,f1a9b8ade1bf4ed1258b54f97dd78a8c710dc51cc03350053c99df59b2de7922,20260715,9999,conditional_focal_value_fixed_two_sided_centered,77,eligible_local_cluster_diagnostic,queen_weights_primary,direct_chm_spatial_frame,False
A7,Local spatial structure,hypertension,2022-2024 pooled,getis_ord_gi_star,52,1.12986590466,0.1812,0.3322,hypertension|2022-2024 pooled|getis_ord_gi_star,high,False,False,f1a9b8ade1bf4ed1258b54f97dd78a8c710dc51cc03350053c99df59b2de7922,20260715,9999,conditional_focal_value_fixed_two_sided_centered,77,eligible_local_cluster_diagnostic,queen_weights_primary,direct_chm_spatial_frame,False
A7,Local spatial structure,hypertension,2022-2024 pooled,getis_ord_gi_star,53,2.23835308131,0.0578,0.134866666667,hypertension|2022-2024 pooled|getis_ord_gi_star,high,False,False,f1a9b8ade1bf4ed1258b54f97dd78a8c710dc51cc03350053c99df59b2de7922,20260715,9999,conditional_focal_value_fixed_two_sided_centered,77,eligible_local_cluster_diagnostic,queen_weights_primary,direct_chm_spatial_frame,False
A7,Local spatial structure,hypertension,2022-2024 pooled,getis_ord_gi_star,54,2.38092835197,0.0213,0.065604,hypertension|2022-2024 pooled|getis_ord_gi_star,high,True,False,f1a9b8ade1bf4ed1258b54f97dd78a8c710dc51cc03350053c99df59b2de7922,20260715,9999,conditional_focal_value_fixed_two_sided_centered,77,eligible_local_cluster_diagnostic,queen_weights_primary,direct_chm_spatial_frame,False
A7,Local spatial structure,hypertension,2022-2024 pooled,getis_ord_gi_star,55,0.91121994808,0.2852,0.448171428571,hypertension|2022-2024 pooled|getis_ord_gi_star,high,False,False,f1a9b8ade1bf4ed1258b54f97dd78a8c710dc51cc03350053c99df59b2de7922,20260715,9999,conditional_focal_value_fixed_two_sided_centered,77,eligible_local_cluster_diagnostic,queen_weights_primary,direct_chm_spatial_frame,False
A7,Local spatial structure,hypertension,2022-2024 pooled,getis_ord_gi_star,56,-1.00615745705,0.3926,0.552914035088,hypertension|2022-2024 pooled|getis_ord_gi_star,low,False,False,f1a9b8ade1bf4ed1258b54f97dd78a8c710dc51cc03350053c99df59b2de7922,20260715,9999,conditional_focal_value_fixed_two_sided_centered,77,eligible_local_cluster_diagnostic,queen_weights_primary,direct_chm_spatial_frame,False
A7,Local spatial structure,hypertension,2022-2024 pooled,getis_ord_gi_star,57,-0.963666081434,0.4208,0.558648275862,hypertension|2022-2024 pooled|getis_ord_gi_star,low,False,False,f1a9b8ade1bf4ed1258b54f97dd78a8c710dc51cc03350053c99df59b2de7922,20260715,9999,conditional_focal_value_fixed_two_sided_centered,77,eligible_local_cluster_diagnostic,queen_weights_primary,direct_chm_spatial_frame,False
A7,Local spatial structure,hypertension,2022-2024 pooled,getis_ord_gi_star,58,-1.01464647374,0.3618,0.525633962264,hypertension|2022-2024 pooled|getis_ord_gi_star,low,False,False,f1a9b8ade1bf4ed1258b54f97dd78a8c710dc51cc03350053c99df59b2de7922,20260715,9999,conditional_focal_value_fixed_two_sided_centered,77,eligible_local_cluster_diagnostic,queen_weights_primary,direct_chm_spatial_frame,False
A7,Local spatial structure,hypertension,2022-2024 pooled,getis_ord_gi_star,59,-0.494321723882,0.6824,0.740067605634,hypertension|2022-2024 pooled|getis_ord_gi_star,low,False,False,f1a9b8ade1bf4ed1258b54f97dd78a8c710dc51cc03350053c99df59b2de7922,20260715,9999,conditional_focal_value_fixed_two_sided_centered,77,eligible_local_cluster_diagnostic,queen_weights_primary,direct_chm_spatial_frame,False
A7,Local spatial structure,hypertension,2022-2024 pooled,getis_ord_gi_star,60,0.598127676746,0.5234,0.629715625,hypertension|2022-2024 pooled|getis_ord_gi_star,high,False,False,f1a9b8ade1bf4ed1258b54f97dd78a8c710dc51cc03350053c99df59b2de7922,20260715,9999,conditional_focal_value_fixed_two_sided_centered,77,eligible_local_cluster_diagnostic,queen_weights_primary,direct_chm_spatial_frame,False
A7,Local spatial structure,hypertension,2022-2024 pooled,getis_ord_gi_star,61,0.753280206924,0.4346,0.567189830508,hypertension|2022-2024 pooled|getis_ord_gi_star,high,False,False,f1a9b8ade1bf4ed1258b54f97dd78a8c710dc51cc03350053c99df59b2de7922,20260715,9999,conditional_focal_value_fixed_two_sided_centered,77,eligible_local_cluster_diagnostic,queen_weights_primary,direct_chm_spatial_frame,False
A7,Local spatial structure,hypertension,2022-2024 pooled,getis_ord_gi_star,62,-1.29526141649,0.2573,0.430697826087,hypertension|2022-2024 pooled|getis_ord_gi_star,low,False,False,f1a9b8ade1bf4ed1258b54f97dd78a8c710dc51cc03350053c99df59b2de7922,20260715,9999,conditional_focal_value_fixed_two_sided_centered,77,eligible_local_cluster_diagnostic,queen_weights_primary,direct_chm_spatial_frame,False
A7,Local spatial structure,hypertension,2022-2024 pooled,getis_ord_gi_star,63,-0.299815921856,0.8908,0.902521052632,hypertension|2022-2024 pooled|getis_ord_gi_star,low,False,False,f1a9b8ade1bf4ed1258b54f97dd78a8c710dc51cc03350053c99df59b2de7922,20260715,9999,conditional_focal_value_fixed_two_sided_centered,77,eligible_local_cluster_diagnostic,queen_weights_primary,direct_chm_spatial_frame,False
A7,Local spatial structure,hypertension,2022-2024 pooled,getis_ord_gi_star,64,-0.933498006466,0.4025,0.552914035088,hypertension|2022-2024 pooled|getis_ord_gi_star,low,False,False,f1a9b8ade1bf4ed1258b54f97dd78a8c710dc51cc03350053c99df59b2de7922,20260715,9999,conditional_focal_value_fixed_two_sided_centered,77,eligible_local_cluster_diagnostic,queen_weights_primary,direct_chm_spatial_frame,False
A7,Local spatial structure,hypertension,2022-2024 pooled,getis_ord_gi_star,65,-0.665858923464,0.5921,0.677939705882,hypertension|2022-2024 pooled|getis_ord_gi_star,low,False,False,f1a9b8ade1bf4ed1258b54f97dd78a8c710dc51cc03350053c99df59b2de7922,20260715,9999,conditional_focal_value_fixed_two_sided_centered,77,eligible_local_cluster_diagnostic,queen_weights_primary,direct_chm_spatial_frame,False
A7,Local spatial structure,hypertension,2022-2024 pooled,getis_ord_gi_star,66,0.84516662691,0.4073,0.552914035088,hypertension|2022-2024 pooled|getis_ord_gi_star,high,False,False,f1a9b8ade1bf4ed1258b54f97dd78a8c710dc51cc03350053c99df59b2de7922,20260715,9999,conditional_focal_value_fixed_two_sided_centered,77,eligible_local_cluster_diagnostic,queen_weights_primary,direct_chm_spatial_frame,False
A7,Local spatial structure,hypertension,2022-2024 pooled,getis_ord_gi_star,67,1.25170462042,0.3546,0.525080769231,hypertension|2022-2024 pooled|getis_ord_gi_star,high,False,False,f1a9b8ade1bf4ed1258b54f97dd78a8c710dc51cc03350053c99df59b2de7922,20260715,9999,conditional_focal_value_fixed_two_sided_centered,77,eligible_local_cluster_diagnostic,queen_weights_primary,direct_chm_spatial_frame,False
A7,Local spatial structure,hypertension,2022-2024 pooled,getis_ord_gi_star,68,2.36364839762,0.0299,0.0793896551724,hypertension|2022-2024 pooled|getis_ord_gi_star,high,True,False,f1a9b8ade1bf4ed1258b54f97dd78a8c710dc51cc03350053c99df59b2de7922,20260715,9999,conditional_focal_value_fixed_two_sided_centered,77,eligible_local_cluster_diagnostic,queen_weights_primary,direct_chm_spatial_frame,False
A7,Local spatial structure,hypertension,2022-2024 pooled,getis_ord_gi_star,69,3.08588418625,0.0022,0.0112933333333,hypertension|2022-2024 pooled|getis_ord_gi_star,high,True,True,f1a9b8ade1bf4ed1258b54f97dd78a8c710dc51cc03350053c99df59b2de7922,20260715,9999,conditional_focal_value_fixed_two_sided_centered,77,eligible_local_cluster_diagnostic,queen_weights_primary,direct_chm_spatial_frame,False
A7,Local spatial structure,hypertension,2022-2024 pooled,getis_ord_gi_star,70,0.809243303941,0.5121,0.6259,hypertension|2022-2024 pooled|getis_ord_gi_star,high,False,False,f1a9b8ade1bf4ed1258b54f97dd78a8c710dc51cc03350053c99df59b2de7922,20260715,9999,conditional_focal_value_fixed_two_sided_centered,77,eligible_local_cluster_diagnostic,queen_weights_primary,direct_chm_spatial_frame,False
A7,Local spatial structure,hypertension,2022-2024 pooled,getis_ord_gi_star,71,3.03905691897,0.0051,0.0218166666667,hypertension|2022-2024 pooled|getis_ord_gi_star,high,True,True,f1a9b8ade1bf4ed1258b54f97dd78a8c710dc51cc03350053c99df59b2de7922,20260715,9999,conditional_focal_value_fixed_two_sided_centered,77,eligible_local_cluster_diagnostic,queen_weights_primary,direct_chm_spatial_frame,False
A7,Local spatial structure,hypertension,2022-2024 pooled,getis_ord_gi_star,72,1.82465910903,0.0661,0.14542,hypertension|2022-2024 pooled|getis_ord_gi_star,high,False,False,f1a9b8ade1bf4ed1258b54f97dd78a8c710dc51cc03350053c99df59b2de7922,20260715,9999,conditional_focal_value_fixed_two_sided_centered,77,eligible_local_cluster_diagnostic,queen_weights_primary,direct_chm_spatial_frame,False
A7,Local spatial structure,hypertension,2022-2024 pooled,getis_ord_gi_star,73,2.29991292659,0.0383,0.0951322580645,hypertension|2022-2024 pooled|getis_ord_gi_star,high,True,False,f1a9b8ade1bf4ed1258b54f97dd78a8c710dc51cc03350053c99df59b2de7922,20260715,9999,conditional_focal_value_fixed_two_sided_centered,77,eligible_local_cluster_diagnostic,queen_weights_primary,direct_chm_spatial_frame,False
A7,Local spatial structure,hypertension,2022-2024 pooled,getis_ord_gi_star,74,0.873234547497,0.3495,0.525080769231,hypertension|2022-2024 pooled|getis_ord_gi_star,high,False,False,f1a9b8ade1bf4ed1258b54f97dd78a8c710dc51cc03350053c99df59b2de7922,20260715,9999,conditional_focal_value_fixed_two_sided_centered,77,eligible_local_cluster_diagnostic,queen_weights_primary,direct_chm_spatial_frame,False
A7,Local spatial structure,hypertension,2022-2024 pooled,getis_ord_gi_star,75,2.17020246161,0.0551,0.132584375,hypertension|2022-2024 pooled|getis_ord_gi_star,high,False,False,f1a9b8ade1bf4ed1258b54f97dd78a8c710dc51cc03350053c99df59b2de7922,20260715,9999,conditional_focal_value_fixed_two_sided_centered,77,eligible_local_cluster_diagnostic,queen_weights_primary,direct_chm_spatial_frame,False
A7,Local spatial structure,hypertension,2022-2024 pooled,getis_ord_gi_star,76,-0.346747615284,0.5943,0.677939705882,hypertension|2022-2024 pooled|getis_ord_gi_star,low,False,False,f1a9b8ade1bf4ed1258b54f97dd78a8c710dc51cc03350053c99df59b2de7922,20260715,9999,conditional_focal_value_fixed_two_sided_centered,77,eligible_local_cluster_diagnostic,queen_weights_primary,direct_chm_spatial_frame,False
A7,Local spatial structure,hypertension,2022-2024 pooled,getis_ord_gi_star,77,-2.76600732871,0.0035,0.01684375,hypertension|2022-2024 pooled|getis_ord_gi_star,low,True,True,f1a9b8ade1bf4ed1258b54f97dd78a8c710dc51cc03350053c99df59b2de7922,20260715,9999,conditional_focal_value_fixed_two_sided_centered,77,eligible_local_cluster_diagnostic,queen_weights_primary,direct_chm_spatial_frame,False
